sample_name	library_ID	title	HOST	DNA_extraction_kit	library_strategy	library_source	library_selection	library_layout	platform	instrument_model	design_description	filetype	filename	filename2	filename3	filename4	assembly	fasta_file	geo_loc_name_country	lat_lon	mouseID	age (days)	genotype	Cage	Breeder	collection_date	event_description
CALTEC-001-1	CALTEC-001-1	Fecal metagenome of breeder mouse 1	Mus Musculus	QIAamp Fast DNA Stool Mini Kit	WGS	METAGENOMIC	RANDOM	paired	ILLUMINA	Illumina NovaSeq 6000	"DNA was isolated from one mouse stool sample pellet using the Qiagen FAST DNA stool mini kint following the manufacturers protocol. Isolated DNA was quantified by Qubit. Pooled libraries were sequenced on Illumina NovaSeq 6000 ensuring 70 million reads, each 150 base pair long."	fastq							USA	34.1374596;-118.1268371	Breeder 1	NA	NA	NA	NA	NA	NA
CALTEC-001-2	CALTEC-001-2	Fecal metagenome of breeder mouse 2	Mus Musculus	QIAamp Fast DNA Stool Mini Kit	WGS	METAGENOMIC	RANDOM	paired	ILLUMINA	Illumina NovaSeq 6000	"DNA was isolated from one mouse stool sample pellet using the Qiagen FAST DNA stool mini kint following the manufacturers protocol. Isolated DNA was quantified by Qubit. Pooled libraries were sequenced on Illumina NovaSeq 6000 ensuring 70 million reads, each 150 base pair long."	fastq							USA	34.1374596;-118.1268372	Breeder 2	NA	NA	NA	NA	NA	NA
CALTEC-001-3	CALTEC-001-3	Fecal metagenome of breeder mouse 3	Mus Musculus	QIAamp Fast DNA Stool Mini Kit	WGS	METAGENOMIC	RANDOM	paired	ILLUMINA	Illumina NovaSeq 6000	"DNA was isolated from one mouse stool sample pellet using the Qiagen FAST DNA stool mini kint following the manufacturers protocol. Isolated DNA was quantified by Qubit. Pooled libraries were sequenced on Illumina NovaSeq 6000 ensuring 70 million reads, each 150 base pair long."	fastq							USA	34.1374596;-118.1268373	Breeder 3	NA	NA	NA	NA	NA	NA
CALTEC-001-4	CALTEC-001-4	Fecal metagenome of breeder mouse 4	Mus Musculus	QIAamp Fast DNA Stool Mini Kit	WGS	METAGENOMIC	RANDOM	paired	ILLUMINA	Illumina NovaSeq 6000	"DNA was isolated from one mouse stool sample pellet using the Qiagen FAST DNA stool mini kint following the manufacturers protocol. Isolated DNA was quantified by Qubit. Pooled libraries were sequenced on Illumina NovaSeq 6000 ensuring 70 million reads, each 150 base pair long."	fastq							USA	34.1374596;-118.1268374	Breeder 4	NA	NA	NA	NA	NA	NA
CALTEC-001-5	CALTEC-001-5	Fecal metagenome of lab mouse	Mus Musculus	QIAamp Fast DNA Stool Mini Kit	WGS	METAGENOMIC	RANDOM	paired	ILLUMINA	Illumina NovaSeq 6000	"DNA was isolated from one mouse stool sample pellet using the Qiagen FAST DNA stool mini kint following the manufacturers protocol. Isolated DNA was quantified by Qubit. Pooled libraries were sequenced on Illumina NovaSeq 6000 ensuring 70 million reads, each 150 base pair long."	fastq							USA	34.1374596;-118.1268375	B1_C1_ASO	21	ASO	1	1	3/7/24	"weaning day, collection"
CALTEC-001-6	CALTEC-001-6	Fecal metagenome of lab mouse	Mus Musculus	QIAamp Fast DNA Stool Mini Kit	WGS	METAGENOMIC	RANDOM	paired	ILLUMINA	Illumina NovaSeq 6000	"DNA was isolated from one mouse stool sample pellet using the Qiagen FAST DNA stool mini kint following the manufacturers protocol. Isolated DNA was quantified by Qubit. Pooled libraries were sequenced on Illumina NovaSeq 6000 ensuring 70 million reads, each 150 base pair long."	fastq							USA	34.1374596;-118.1268376	B1_C1_WT	21	WT	1	1	3/7/24	"weaning day, collection"
CALTEC-001-7	CALTEC-001-7	Fecal metagenome of lab mouse	Mus Musculus	QIAamp Fast DNA Stool Mini Kit	WGS	METAGENOMIC	RANDOM	paired	ILLUMINA	Illumina NovaSeq 6000	"DNA was isolated from one mouse stool sample pellet using the Qiagen FAST DNA stool mini kint following the manufacturers protocol. Isolated DNA was quantified by Qubit. Pooled libraries were sequenced on Illumina NovaSeq 6000 ensuring 70 million reads, each 150 base pair long."	fastq							USA	34.1374596;-118.1268377	B1_C2_WT	21	WT	2	1	3/7/24	"weaning day, collection"
CALTEC-001-8	CALTEC-001-8	Fecal metagenome of lab mouse	Mus Musculus	QIAamp Fast DNA Stool Mini Kit	WGS	METAGENOMIC	RANDOM	paired	ILLUMINA	Illumina NovaSeq 6000	"DNA was isolated from one mouse stool sample pellet using the Qiagen FAST DNA stool mini kint following the manufacturers protocol. Isolated DNA was quantified by Qubit. Pooled libraries were sequenced on Illumina NovaSeq 6000 ensuring 70 million reads, each 150 base pair long."	fastq							USA	34.1374596;-118.1268378	B1_C2_ASO	21	ASO	2	1	3/7/24	"weaning day, collection"
CALTEC-001-9	CALTEC-001-9	Fecal metagenome of lab mouse	Mus Musculus	QIAamp Fast DNA Stool Mini Kit	WGS	METAGENOMIC	RANDOM	paired	ILLUMINA	Illumina NovaSeq 6000	"DNA was isolated from one mouse stool sample pellet using the Qiagen FAST DNA stool mini kint following the manufacturers protocol. Isolated DNA was quantified by Qubit. Pooled libraries were sequenced on Illumina NovaSeq 6000 ensuring 70 million reads, each 150 base pair long."	fastq							USA	34.1374596;-118.1268379	B1_C1_WT	21	WT	1	1	3/7/24	"weaning day, collection"
CALTEC-001-10	CALTEC-001-10	Fecal metagenome of lab mouse	Mus Musculus	QIAamp Fast DNA Stool Mini Kit	WGS	METAGENOMIC	RANDOM	paired	ILLUMINA	Illumina NovaSeq 6000	"DNA was isolated from one mouse stool sample pellet using the Qiagen FAST DNA stool mini kint following the manufacturers protocol. Isolated DNA was quantified by Qubit. Pooled libraries were sequenced on Illumina NovaSeq 6000 ensuring 70 million reads, each 150 base pair long."	fastq							USA	34.1374596;-118.1268380	B2_C1_WT	21	WT	1	2	3/7/24	"weaning day, collection"
CALTEC-001-11	CALTEC-001-11	Fecal metagenome of lab mouse	Mus Musculus	QIAamp Fast DNA Stool Mini Kit	WGS	METAGENOMIC	RANDOM	paired	ILLUMINA	Illumina NovaSeq 6000	"DNA was isolated from one mouse stool sample pellet using the Qiagen FAST DNA stool mini kint following the manufacturers protocol. Isolated DNA was quantified by Qubit. Pooled libraries were sequenced on Illumina NovaSeq 6000 ensuring 70 million reads, each 150 base pair long."	fastq							USA	34.1374596;-118.1268381	B2_C1_ASO	21	ASO	1	2	3/7/24	"weaning day, collection"
CALTEC-001-12	CALTEC-001-12	Fecal metagenome of lab mouse	Mus Musculus	QIAamp Fast DNA Stool Mini Kit	WGS	METAGENOMIC	RANDOM	paired	ILLUMINA	Illumina NovaSeq 6000	"DNA was isolated from one mouse stool sample pellet using the Qiagen FAST DNA stool mini kint following the manufacturers protocol. Isolated DNA was quantified by Qubit. Pooled libraries were sequenced on Illumina NovaSeq 6000 ensuring 70 million reads, each 150 base pair long."	fastq							USA	34.1374596;-118.1268382	B2_C2_WT	21	WT	2	2	3/7/24	"weaning day, collection"
CALTEC-001-13	CALTEC-001-13	Fecal metagenome of lab mouse	Mus Musculus	QIAamp Fast DNA Stool Mini Kit	WGS	METAGENOMIC	RANDOM	paired	ILLUMINA	Illumina NovaSeq 6000	"DNA was isolated from one mouse stool sample pellet using the Qiagen FAST DNA stool mini kint following the manufacturers protocol. Isolated DNA was quantified by Qubit. Pooled libraries were sequenced on Illumina NovaSeq 6000 ensuring 70 million reads, each 150 base pair long."	fastq							USA	34.1374596;-118.1268383	B2_C2_ASO	21	ASO	2	2	3/7/24	"weaning day, collection"
CALTEC-001-14	CALTEC-001-14	Fecal metagenome of lab mouse	Mus Musculus	QIAamp Fast DNA Stool Mini Kit	WGS	METAGENOMIC	RANDOM	paired	ILLUMINA	Illumina NovaSeq 6000	"DNA was isolated from one mouse stool sample pellet using the Qiagen FAST DNA stool mini kint following the manufacturers protocol. Isolated DNA was quantified by Qubit. Pooled libraries were sequenced on Illumina NovaSeq 6000 ensuring 70 million reads, each 150 base pair long."	fastq							USA	34.1374596;-118.1268384	B3_C4_ASO	21	ASO	4	3	3/7/24	"weaning day, collection"
CALTEC-001-15	CALTEC-001-15	Fecal metagenome of lab mouse	Mus Musculus	QIAamp Fast DNA Stool Mini Kit	WGS	METAGENOMIC	RANDOM	paired	ILLUMINA	Illumina NovaSeq 6000	"DNA was isolated from one mouse stool sample pellet using the Qiagen FAST DNA stool mini kint following the manufacturers protocol. Isolated DNA was quantified by Qubit. Pooled libraries were sequenced on Illumina NovaSeq 6000 ensuring 70 million reads, each 150 base pair long."	fastq							USA	34.1374596;-118.1268385	B3_C3_ASO	21	ASO	3	3	3/7/24	"weaning day, collection"
CALTEC-001-16	CALTEC-001-16	Fecal metagenome of lab mouse	Mus Musculus	QIAamp Fast DNA Stool Mini Kit	WGS	METAGENOMIC	RANDOM	paired	ILLUMINA	Illumina NovaSeq 6000	"DNA was isolated from one mouse stool sample pellet using the Qiagen FAST DNA stool mini kint following the manufacturers protocol. Isolated DNA was quantified by Qubit. Pooled libraries were sequenced on Illumina NovaSeq 6000 ensuring 70 million reads, each 150 base pair long."	fastq							USA	34.1374596;-118.1268386	B4_C3_ASO	21	ASO	3	4	3/7/24	"weaning day, collection"
CALTEC-001-17	CALTEC-001-17	Fecal metagenome of lab mouse	Mus Musculus	QIAamp Fast DNA Stool Mini Kit	WGS	METAGENOMIC	RANDOM	paired	ILLUMINA	Illumina NovaSeq 6000	"DNA was isolated from one mouse stool sample pellet using the Qiagen FAST DNA stool mini kint following the manufacturers protocol. Isolated DNA was quantified by Qubit. Pooled libraries were sequenced on Illumina NovaSeq 6000 ensuring 70 million reads, each 150 base pair long."	fastq							USA	34.1374596;-118.1268387	B4_C4_ASO	21	ASO	4	4	3/7/24	"weaning day, collection"
CALTEC-001-18	CALTEC-001-18	Fecal metagenome of lab mouse	Mus Musculus	QIAamp Fast DNA Stool Mini Kit	WGS	METAGENOMIC	RANDOM	paired	ILLUMINA	Illumina NovaSeq 6000	"DNA was isolated from one mouse stool sample pellet using the Qiagen FAST DNA stool mini kint following the manufacturers protocol. Isolated DNA was quantified by Qubit. Pooled libraries were sequenced on Illumina NovaSeq 6000 ensuring 70 million reads, each 150 base pair long."	fastq							USA	34.1374596;-118.1268388	B4_C4_WT	21	WT	4	4	3/7/24	"weaning day, collection"
CALTEC-001-19	CALTEC-001-19	Fecal metagenome of lab mouse	Mus Musculus	QIAamp Fast DNA Stool Mini Kit	WGS	METAGENOMIC	RANDOM	paired	ILLUMINA	Illumina NovaSeq 6000	"DNA was isolated from one mouse stool sample pellet using the Qiagen FAST DNA stool mini kint following the manufacturers protocol. Isolated DNA was quantified by Qubit. Pooled libraries were sequenced on Illumina NovaSeq 6000 ensuring 70 million reads, each 150 base pair long."	fastq							USA	34.1374596;-118.1268389	B1_C1_ASO	28	ASO	1	1	3/14/24	"genotyped, separation, collection"
CALTEC-001-20	CALTEC-001-20	Fecal metagenome of lab mouse	Mus Musculus	QIAamp Fast DNA Stool Mini Kit	WGS	METAGENOMIC	RANDOM	paired	ILLUMINA	Illumina NovaSeq 6000	"DNA was isolated from one mouse stool sample pellet using the Qiagen FAST DNA stool mini kint following the manufacturers protocol. Isolated DNA was quantified by Qubit. Pooled libraries were sequenced on Illumina NovaSeq 6000 ensuring 70 million reads, each 150 base pair long."	fastq							USA	34.1374596;-118.1268390	B1_C1_WT	28	WT	1	1	3/14/24	"genotyped, separation, collection"
CALTEC-001-21	CALTEC-001-21	Fecal metagenome of lab mouse	Mus Musculus	QIAamp Fast DNA Stool Mini Kit	WGS	METAGENOMIC	RANDOM	paired	ILLUMINA	Illumina NovaSeq 6000	"DNA was isolated from one mouse stool sample pellet using the Qiagen FAST DNA stool mini kint following the manufacturers protocol. Isolated DNA was quantified by Qubit. Pooled libraries were sequenced on Illumina NovaSeq 6000 ensuring 70 million reads, each 150 base pair long."	fastq							USA	34.1374596;-118.1268391	B1_C2_WT	28	WT	2	1	3/14/24	"genotyped, separation, collection"
CALTEC-001-22	CALTEC-001-22	Fecal metagenome of lab mouse	Mus Musculus	QIAamp Fast DNA Stool Mini Kit	WGS	METAGENOMIC	RANDOM	paired	ILLUMINA	Illumina NovaSeq 6000	"DNA was isolated from one mouse stool sample pellet using the Qiagen FAST DNA stool mini kint following the manufacturers protocol. Isolated DNA was quantified by Qubit. Pooled libraries were sequenced on Illumina NovaSeq 6000 ensuring 70 million reads, each 150 base pair long."	fastq							USA	34.1374596;-118.1268392	B1_C2_ASO	28	ASO	2	1	3/14/24	"genotyped, separation, collection"
CALTEC-001-23	CALTEC-001-23	Fecal metagenome of lab mouse	Mus Musculus	QIAamp Fast DNA Stool Mini Kit	WGS	METAGENOMIC	RANDOM	paired	ILLUMINA	Illumina NovaSeq 6000	"DNA was isolated from one mouse stool sample pellet using the Qiagen FAST DNA stool mini kint following the manufacturers protocol. Isolated DNA was quantified by Qubit. Pooled libraries were sequenced on Illumina NovaSeq 6000 ensuring 70 million reads, each 150 base pair long."	fastq							USA	34.1374596;-118.1268393	B1_C1_WT	28	WT	1	1	3/14/24	"genotyped, separation, collection"
CALTEC-001-24	CALTEC-001-24	Fecal metagenome of lab mouse	Mus Musculus	QIAamp Fast DNA Stool Mini Kit	WGS	METAGENOMIC	RANDOM	paired	ILLUMINA	Illumina NovaSeq 6000	"DNA was isolated from one mouse stool sample pellet using the Qiagen FAST DNA stool mini kint following the manufacturers protocol. Isolated DNA was quantified by Qubit. Pooled libraries were sequenced on Illumina NovaSeq 6000 ensuring 70 million reads, each 150 base pair long."	fastq							USA	34.1374596;-118.1268394	B2_C1_WT	28	WT	1	2	3/14/24	"genotyped, separation, collection"
CALTEC-001-25	CALTEC-001-25	Fecal metagenome of lab mouse	Mus Musculus	QIAamp Fast DNA Stool Mini Kit	WGS	METAGENOMIC	RANDOM	paired	ILLUMINA	Illumina NovaSeq 6000	"DNA was isolated from one mouse stool sample pellet using the Qiagen FAST DNA stool mini kint following the manufacturers protocol. Isolated DNA was quantified by Qubit. Pooled libraries were sequenced on Illumina NovaSeq 6000 ensuring 70 million reads, each 150 base pair long."	fastq							USA	34.1374596;-118.1268395	B2_C1_ASO	28	ASO	1	2	3/14/24	"genotyped, separation, collection"
CALTEC-001-26	CALTEC-001-26	Fecal metagenome of lab mouse	Mus Musculus	QIAamp Fast DNA Stool Mini Kit	WGS	METAGENOMIC	RANDOM	paired	ILLUMINA	Illumina NovaSeq 6000	"DNA was isolated from one mouse stool sample pellet using the Qiagen FAST DNA stool mini kint following the manufacturers protocol. Isolated DNA was quantified by Qubit. Pooled libraries were sequenced on Illumina NovaSeq 6000 ensuring 70 million reads, each 150 base pair long."	fastq							USA	34.1374596;-118.1268396	B2_C2_WT	28	WT	2	2	3/14/24	"genotyped, separation, collection"
CALTEC-001-27	CALTEC-001-27	Fecal metagenome of lab mouse	Mus Musculus	QIAamp Fast DNA Stool Mini Kit	WGS	METAGENOMIC	RANDOM	paired	ILLUMINA	Illumina NovaSeq 6000	"DNA was isolated from one mouse stool sample pellet using the Qiagen FAST DNA stool mini kint following the manufacturers protocol. Isolated DNA was quantified by Qubit. Pooled libraries were sequenced on Illumina NovaSeq 6000 ensuring 70 million reads, each 150 base pair long."	fastq							USA	34.1374596;-118.1268397	B2_C2_ASO	28	ASO	2	2	3/14/24	"genotyped, separation, collection"
CALTEC-001-28	CALTEC-001-28	Fecal metagenome of lab mouse	Mus Musculus	QIAamp Fast DNA Stool Mini Kit	WGS	METAGENOMIC	RANDOM	paired	ILLUMINA	Illumina NovaSeq 6000	"DNA was isolated from one mouse stool sample pellet using the Qiagen FAST DNA stool mini kint following the manufacturers protocol. Isolated DNA was quantified by Qubit. Pooled libraries were sequenced on Illumina NovaSeq 6000 ensuring 70 million reads, each 150 base pair long."	fastq							USA	34.1374596;-118.1268398	B3_C4_ASO	28	ASO	4	3	3/14/24	"genotyped, separation, collection"
CALTEC-001-29	CALTEC-001-29	Fecal metagenome of lab mouse	Mus Musculus	QIAamp Fast DNA Stool Mini Kit	WGS	METAGENOMIC	RANDOM	paired	ILLUMINA	Illumina NovaSeq 6000	"DNA was isolated from one mouse stool sample pellet using the Qiagen FAST DNA stool mini kint following the manufacturers protocol. Isolated DNA was quantified by Qubit. Pooled libraries were sequenced on Illumina NovaSeq 6000 ensuring 70 million reads, each 150 base pair long."	fastq							USA	34.1374596;-118.1268399	B3_C3_ASO	28	ASO	3	3	3/14/24	"genotyped, separation, collection"
CALTEC-001-30	CALTEC-001-30	Fecal metagenome of lab mouse	Mus Musculus	QIAamp Fast DNA Stool Mini Kit	WGS	METAGENOMIC	RANDOM	paired	ILLUMINA	Illumina NovaSeq 6000	"DNA was isolated from one mouse stool sample pellet using the Qiagen FAST DNA stool mini kint following the manufacturers protocol. Isolated DNA was quantified by Qubit. Pooled libraries were sequenced on Illumina NovaSeq 6000 ensuring 70 million reads, each 150 base pair long."	fastq							USA	34.1374596;-118.1268400	B4_C3_ASO	28	ASO	3	4	3/14/24	"genotyped, separation, collection"
CALTEC-001-31	CALTEC-001-31	Fecal metagenome of lab mouse	Mus Musculus	QIAamp Fast DNA Stool Mini Kit	WGS	METAGENOMIC	RANDOM	paired	ILLUMINA	Illumina NovaSeq 6000	"DNA was isolated from one mouse stool sample pellet using the Qiagen FAST DNA stool mini kint following the manufacturers protocol. Isolated DNA was quantified by Qubit. Pooled libraries were sequenced on Illumina NovaSeq 6000 ensuring 70 million reads, each 150 base pair long."	fastq							USA	34.1374596;-118.1268401	B4_C4_ASO	28	ASO	4	4	3/14/24	"genotyped, separation, collection"
CALTEC-001-32	CALTEC-001-32	Fecal metagenome of lab mouse	Mus Musculus	QIAamp Fast DNA Stool Mini Kit	WGS	METAGENOMIC	RANDOM	paired	ILLUMINA	Illumina NovaSeq 6000	"DNA was isolated from one mouse stool sample pellet using the Qiagen FAST DNA stool mini kint following the manufacturers protocol. Isolated DNA was quantified by Qubit. Pooled libraries were sequenced on Illumina NovaSeq 6000 ensuring 70 million reads, each 150 base pair long."	fastq							USA	34.1374596;-118.1268402	B4_C4_WT	28	WT	4	4	3/14/24	"genotyped, separation, collection"
CALTEC-001-33	CALTEC-001-33	Fecal metagenome of lab mouse	Mus Musculus	QIAamp Fast DNA Stool Mini Kit	WGS	METAGENOMIC	RANDOM	paired	ILLUMINA	Illumina NovaSeq 6000	"DNA was isolated from one mouse stool sample pellet using the Qiagen FAST DNA stool mini kint following the manufacturers protocol. Isolated DNA was quantified by Qubit. Pooled libraries were sequenced on Illumina NovaSeq 6000 ensuring 70 million reads, each 150 base pair long."	fastq							USA	34.1374596;-118.1268403	B1_C1_ASO	35	ASO	1	1	3/21/24	collection
CALTEC-001-34	CALTEC-001-34	Fecal metagenome of lab mouse	Mus Musculus	QIAamp Fast DNA Stool Mini Kit	WGS	METAGENOMIC	RANDOM	paired	ILLUMINA	Illumina NovaSeq 6000	"DNA was isolated from one mouse stool sample pellet using the Qiagen FAST DNA stool mini kint following the manufacturers protocol. Isolated DNA was quantified by Qubit. Pooled libraries were sequenced on Illumina NovaSeq 6000 ensuring 70 million reads, each 150 base pair long."	fastq							USA	34.1374596;-118.1268404	B1_C1_WT	35	WT	1	1	3/21/24	collection
CALTEC-001-35	CALTEC-001-35	Fecal metagenome of lab mouse	Mus Musculus	QIAamp Fast DNA Stool Mini Kit	WGS	METAGENOMIC	RANDOM	paired	ILLUMINA	Illumina NovaSeq 6000	"DNA was isolated from one mouse stool sample pellet using the Qiagen FAST DNA stool mini kint following the manufacturers protocol. Isolated DNA was quantified by Qubit. Pooled libraries were sequenced on Illumina NovaSeq 6000 ensuring 70 million reads, each 150 base pair long."	fastq							USA	34.1374596;-118.1268405	B1_C2_WT	35	WT	2	1	3/21/24	collection
CALTEC-001-36	CALTEC-001-36	Fecal metagenome of lab mouse	Mus Musculus	QIAamp Fast DNA Stool Mini Kit	WGS	METAGENOMIC	RANDOM	paired	ILLUMINA	Illumina NovaSeq 6000	"DNA was isolated from one mouse stool sample pellet using the Qiagen FAST DNA stool mini kint following the manufacturers protocol. Isolated DNA was quantified by Qubit. Pooled libraries were sequenced on Illumina NovaSeq 6000 ensuring 70 million reads, each 150 base pair long."	fastq							USA	34.1374596;-118.1268406	B1_C2_ASO	35	ASO	2	1	3/21/24	collection
CALTEC-001-37	CALTEC-001-37	Fecal metagenome of lab mouse	Mus Musculus	QIAamp Fast DNA Stool Mini Kit	WGS	METAGENOMIC	RANDOM	paired	ILLUMINA	Illumina NovaSeq 6000	"DNA was isolated from one mouse stool sample pellet using the Qiagen FAST DNA stool mini kint following the manufacturers protocol. Isolated DNA was quantified by Qubit. Pooled libraries were sequenced on Illumina NovaSeq 6000 ensuring 70 million reads, each 150 base pair long."	fastq							USA	34.1374596;-118.1268407	B1_C1_WT	35	WT	1	1	3/21/24	collection
CALTEC-001-38	CALTEC-001-38	Fecal metagenome of lab mouse	Mus Musculus	QIAamp Fast DNA Stool Mini Kit	WGS	METAGENOMIC	RANDOM	paired	ILLUMINA	Illumina NovaSeq 6000	"DNA was isolated from one mouse stool sample pellet using the Qiagen FAST DNA stool mini kint following the manufacturers protocol. Isolated DNA was quantified by Qubit. Pooled libraries were sequenced on Illumina NovaSeq 6000 ensuring 70 million reads, each 150 base pair long."	fastq							USA	34.1374596;-118.1268408	B2_C1_WT	35	WT	1	2	3/21/24	collection
CALTEC-001-39	CALTEC-001-39	Fecal metagenome of lab mouse	Mus Musculus	QIAamp Fast DNA Stool Mini Kit	WGS	METAGENOMIC	RANDOM	paired	ILLUMINA	Illumina NovaSeq 6000	"DNA was isolated from one mouse stool sample pellet using the Qiagen FAST DNA stool mini kint following the manufacturers protocol. Isolated DNA was quantified by Qubit. Pooled libraries were sequenced on Illumina NovaSeq 6000 ensuring 70 million reads, each 150 base pair long."	fastq							USA	34.1374596;-118.1268409	B2_C1_ASO	35	ASO	1	2	3/21/24	collection
CALTEC-001-40	CALTEC-001-40	Fecal metagenome of lab mouse	Mus Musculus	QIAamp Fast DNA Stool Mini Kit	WGS	METAGENOMIC	RANDOM	paired	ILLUMINA	Illumina NovaSeq 6000	"DNA was isolated from one mouse stool sample pellet using the Qiagen FAST DNA stool mini kint following the manufacturers protocol. Isolated DNA was quantified by Qubit. Pooled libraries were sequenced on Illumina NovaSeq 6000 ensuring 70 million reads, each 150 base pair long."	fastq							USA	34.1374596;-118.1268410	B2_C2_WT	35	WT	2	2	3/21/24	collection
CALTEC-001-41	CALTEC-001-41	Fecal metagenome of lab mouse	Mus Musculus	QIAamp Fast DNA Stool Mini Kit	WGS	METAGENOMIC	RANDOM	paired	ILLUMINA	Illumina NovaSeq 6000	"DNA was isolated from one mouse stool sample pellet using the Qiagen FAST DNA stool mini kint following the manufacturers protocol. Isolated DNA was quantified by Qubit. Pooled libraries were sequenced on Illumina NovaSeq 6000 ensuring 70 million reads, each 150 base pair long."	fastq							USA	34.1374596;-118.1268411	B2_C2_ASO	35	ASO	2	2	3/21/24	collection
CALTEC-001-42	CALTEC-001-42	Fecal metagenome of lab mouse	Mus Musculus	QIAamp Fast DNA Stool Mini Kit	WGS	METAGENOMIC	RANDOM	paired	ILLUMINA	Illumina NovaSeq 6000	"DNA was isolated from one mouse stool sample pellet using the Qiagen FAST DNA stool mini kint following the manufacturers protocol. Isolated DNA was quantified by Qubit. Pooled libraries were sequenced on Illumina NovaSeq 6000 ensuring 70 million reads, each 150 base pair long."	fastq							USA	34.1374596;-118.1268412	B3_C4_ASO	35	ASO	4	3	3/21/24	collection
CALTEC-001-43	CALTEC-001-43	Fecal metagenome of lab mouse	Mus Musculus	QIAamp Fast DNA Stool Mini Kit	WGS	METAGENOMIC	RANDOM	paired	ILLUMINA	Illumina NovaSeq 6000	"DNA was isolated from one mouse stool sample pellet using the Qiagen FAST DNA stool mini kint following the manufacturers protocol. Isolated DNA was quantified by Qubit. Pooled libraries were sequenced on Illumina NovaSeq 6000 ensuring 70 million reads, each 150 base pair long."	fastq							USA	34.1374596;-118.1268413	B3_C3_ASO	35	ASO	3	3	3/21/24	collection
CALTEC-001-44	CALTEC-001-44	Fecal metagenome of lab mouse	Mus Musculus	QIAamp Fast DNA Stool Mini Kit	WGS	METAGENOMIC	RANDOM	paired	ILLUMINA	Illumina NovaSeq 6000	"DNA was isolated from one mouse stool sample pellet using the Qiagen FAST DNA stool mini kint following the manufacturers protocol. Isolated DNA was quantified by Qubit. Pooled libraries were sequenced on Illumina NovaSeq 6000 ensuring 70 million reads, each 150 base pair long."	fastq							USA	34.1374596;-118.1268414	B4_C3_ASO	35	ASO	3	4	3/21/24	collection
CALTEC-001-45	CALTEC-001-45	Fecal metagenome of lab mouse	Mus Musculus	QIAamp Fast DNA Stool Mini Kit	WGS	METAGENOMIC	RANDOM	paired	ILLUMINA	Illumina NovaSeq 6000	"DNA was isolated from one mouse stool sample pellet using the Qiagen FAST DNA stool mini kint following the manufacturers protocol. Isolated DNA was quantified by Qubit. Pooled libraries were sequenced on Illumina NovaSeq 6000 ensuring 70 million reads, each 150 base pair long."	fastq							USA	34.1374596;-118.1268415	B4_C4_ASO	35	ASO	4	4	3/21/24	collection
CALTEC-001-46	CALTEC-001-46	Fecal metagenome of lab mouse	Mus Musculus	QIAamp Fast DNA Stool Mini Kit	WGS	METAGENOMIC	RANDOM	paired	ILLUMINA	Illumina NovaSeq 6000	"DNA was isolated from one mouse stool sample pellet using the Qiagen FAST DNA stool mini kint following the manufacturers protocol. Isolated DNA was quantified by Qubit. Pooled libraries were sequenced on Illumina NovaSeq 6000 ensuring 70 million reads, each 150 base pair long."	fastq							USA	34.1374596;-118.1268416	B4_C4_WT	35	WT	4	4	3/21/24	collection
CALTEC-001-47	CALTEC-001-47	Fecal metagenome of lab mouse	Mus Musculus	QIAamp Fast DNA Stool Mini Kit	WGS	METAGENOMIC	RANDOM	paired	ILLUMINA	Illumina NovaSeq 6000	"DNA was isolated from one mouse stool sample pellet using the Qiagen FAST DNA stool mini kint following the manufacturers protocol. Isolated DNA was quantified by Qubit. Pooled libraries were sequenced on Illumina NovaSeq 6000 ensuring 70 million reads, each 150 base pair long."	fastq							USA	34.1374596;-118.1268417	B1_C1_ASO	41	ASO	1	1	3/27/24	collection
CALTEC-001-48	CALTEC-001-48	Fecal metagenome of lab mouse	Mus Musculus	QIAamp Fast DNA Stool Mini Kit	WGS	METAGENOMIC	RANDOM	paired	ILLUMINA	Illumina NovaSeq 6000	"DNA was isolated from one mouse stool sample pellet using the Qiagen FAST DNA stool mini kint following the manufacturers protocol. Isolated DNA was quantified by Qubit. Pooled libraries were sequenced on Illumina NovaSeq 6000 ensuring 70 million reads, each 150 base pair long."	fastq							USA	34.1374596;-118.1268418	B1_C1_WT	41	WT	1	1	3/27/24	collection
CALTEC-001-49	CALTEC-001-49	Fecal metagenome of lab mouse	Mus Musculus	QIAamp Fast DNA Stool Mini Kit	WGS	METAGENOMIC	RANDOM	paired	ILLUMINA	Illumina NovaSeq 6000	"DNA was isolated from one mouse stool sample pellet using the Qiagen FAST DNA stool mini kint following the manufacturers protocol. Isolated DNA was quantified by Qubit. Pooled libraries were sequenced on Illumina NovaSeq 6000 ensuring 70 million reads, each 150 base pair long."	fastq							USA	34.1374596;-118.1268419	B1_C2_WT	41	WT	2	1	3/27/24	collection
CALTEC-001-50	CALTEC-001-50	Fecal metagenome of lab mouse	Mus Musculus	QIAamp Fast DNA Stool Mini Kit	WGS	METAGENOMIC	RANDOM	paired	ILLUMINA	Illumina NovaSeq 6000	"DNA was isolated from one mouse stool sample pellet using the Qiagen FAST DNA stool mini kint following the manufacturers protocol. Isolated DNA was quantified by Qubit. Pooled libraries were sequenced on Illumina NovaSeq 6000 ensuring 70 million reads, each 150 base pair long."	fastq							USA	34.1374596;-118.1268420	B1_C2_ASO	41	ASO	2	1	3/27/24	collection
CALTEC-001-51	CALTEC-001-51	Fecal metagenome of lab mouse	Mus Musculus	QIAamp Fast DNA Stool Mini Kit	WGS	METAGENOMIC	RANDOM	paired	ILLUMINA	Illumina NovaSeq 6000	"DNA was isolated from one mouse stool sample pellet using the Qiagen FAST DNA stool mini kint following the manufacturers protocol. Isolated DNA was quantified by Qubit. Pooled libraries were sequenced on Illumina NovaSeq 6000 ensuring 70 million reads, each 150 base pair long."	fastq							USA	34.1374596;-118.1268421	B1_C1_WT	41	WT	1	1	3/27/24	collection
CALTEC-001-52	CALTEC-001-52	Fecal metagenome of lab mouse	Mus Musculus	QIAamp Fast DNA Stool Mini Kit	WGS	METAGENOMIC	RANDOM	paired	ILLUMINA	Illumina NovaSeq 6000	"DNA was isolated from one mouse stool sample pellet using the Qiagen FAST DNA stool mini kint following the manufacturers protocol. Isolated DNA was quantified by Qubit. Pooled libraries were sequenced on Illumina NovaSeq 6000 ensuring 70 million reads, each 150 base pair long."	fastq							USA	34.1374596;-118.1268422	B2_C1_WT	41	WT	1	2	3/27/24	collection
CALTEC-001-53	CALTEC-001-53	Fecal metagenome of lab mouse	Mus Musculus	QIAamp Fast DNA Stool Mini Kit	WGS	METAGENOMIC	RANDOM	paired	ILLUMINA	Illumina NovaSeq 6000	"DNA was isolated from one mouse stool sample pellet using the Qiagen FAST DNA stool mini kint following the manufacturers protocol. Isolated DNA was quantified by Qubit. Pooled libraries were sequenced on Illumina NovaSeq 6000 ensuring 70 million reads, each 150 base pair long."	fastq							USA	34.1374596;-118.1268423	B2_C1_ASO	41	ASO	1	2	3/27/24	collection
CALTEC-001-54	CALTEC-001-54	Fecal metagenome of lab mouse	Mus Musculus	QIAamp Fast DNA Stool Mini Kit	WGS	METAGENOMIC	RANDOM	paired	ILLUMINA	Illumina NovaSeq 6000	"DNA was isolated from one mouse stool sample pellet using the Qiagen FAST DNA stool mini kint following the manufacturers protocol. Isolated DNA was quantified by Qubit. Pooled libraries were sequenced on Illumina NovaSeq 6000 ensuring 70 million reads, each 150 base pair long."	fastq							USA	34.1374596;-118.1268424	B2_C2_WT	41	WT	2	2	3/27/24	collection
CALTEC-001-55	CALTEC-001-55	Fecal metagenome of lab mouse	Mus Musculus	QIAamp Fast DNA Stool Mini Kit	WGS	METAGENOMIC	RANDOM	paired	ILLUMINA	Illumina NovaSeq 6000	"DNA was isolated from one mouse stool sample pellet using the Qiagen FAST DNA stool mini kint following the manufacturers protocol. Isolated DNA was quantified by Qubit. Pooled libraries were sequenced on Illumina NovaSeq 6000 ensuring 70 million reads, each 150 base pair long."	fastq							USA	34.1374596;-118.1268425	B2_C2_ASO	41	ASO	2	2	3/27/24	collection
CALTEC-001-56	CALTEC-001-56	Fecal metagenome of lab mouse	Mus Musculus	QIAamp Fast DNA Stool Mini Kit	WGS	METAGENOMIC	RANDOM	paired	ILLUMINA	Illumina NovaSeq 6000	"DNA was isolated from one mouse stool sample pellet using the Qiagen FAST DNA stool mini kint following the manufacturers protocol. Isolated DNA was quantified by Qubit. Pooled libraries were sequenced on Illumina NovaSeq 6000 ensuring 70 million reads, each 150 base pair long."	fastq							USA	34.1374596;-118.1268426	B3_C4_ASO	41	ASO	4	3	3/27/24	collection
CALTEC-001-57	CALTEC-001-57	Fecal metagenome of lab mouse	Mus Musculus	QIAamp Fast DNA Stool Mini Kit	WGS	METAGENOMIC	RANDOM	paired	ILLUMINA	Illumina NovaSeq 6000	"DNA was isolated from one mouse stool sample pellet using the Qiagen FAST DNA stool mini kint following the manufacturers protocol. Isolated DNA was quantified by Qubit. Pooled libraries were sequenced on Illumina NovaSeq 6000 ensuring 70 million reads, each 150 base pair long."	fastq							USA	34.1374596;-118.1268427	B3_C3_ASO	41	ASO	3	3	3/27/24	collection
CALTEC-001-58	CALTEC-001-58	Fecal metagenome of lab mouse	Mus Musculus	QIAamp Fast DNA Stool Mini Kit	WGS	METAGENOMIC	RANDOM	paired	ILLUMINA	Illumina NovaSeq 6000	"DNA was isolated from one mouse stool sample pellet using the Qiagen FAST DNA stool mini kint following the manufacturers protocol. Isolated DNA was quantified by Qubit. Pooled libraries were sequenced on Illumina NovaSeq 6000 ensuring 70 million reads, each 150 base pair long."	fastq							USA	34.1374596;-118.1268428	B4_C3_ASO	41	ASO	3	4	3/27/24	collection
CALTEC-001-59	CALTEC-001-59	Fecal metagenome of lab mouse	Mus Musculus	QIAamp Fast DNA Stool Mini Kit	WGS	METAGENOMIC	RANDOM	paired	ILLUMINA	Illumina NovaSeq 6000	"DNA was isolated from one mouse stool sample pellet using the Qiagen FAST DNA stool mini kint following the manufacturers protocol. Isolated DNA was quantified by Qubit. Pooled libraries were sequenced on Illumina NovaSeq 6000 ensuring 70 million reads, each 150 base pair long."	fastq							USA	34.1374596;-118.1268429	B4_C4_ASO	41	ASO	4	4	3/27/24	collection
CALTEC-001-60	CALTEC-001-60	Fecal metagenome of lab mouse	Mus Musculus	QIAamp Fast DNA Stool Mini Kit	WGS	METAGENOMIC	RANDOM	paired	ILLUMINA	Illumina NovaSeq 6000	"DNA was isolated from one mouse stool sample pellet using the Qiagen FAST DNA stool mini kint following the manufacturers protocol. Isolated DNA was quantified by Qubit. Pooled libraries were sequenced on Illumina NovaSeq 6000 ensuring 70 million reads, each 150 base pair long."	fastq							USA	34.1374596;-118.1268430	B4_C4_WT	41	WT	4	4	3/27/24	collection
CALTEC-001-103	CALTEC-001-103	Fecal metagenome of lab mouse	Mus Musculus	QIAamp Fast DNA Stool Mini Kit	WGS	METAGENOMIC	RANDOM	paired	ILLUMINA	Illumina NovaSeq 6000	"DNA was isolated from one mouse stool sample pellet using the Qiagen FAST DNA stool mini kint following the manufacturers protocol. Isolated DNA was quantified by Qubit. Pooled libraries were sequenced on Illumina NovaSeq 6000 ensuring 70 million reads, each 150 base pair long."	fastq							USA	34.1374596;-118.1268431	B1_C1_ASO	55	ASO	1	1	4/10/24	collection
CALTEC-001-104	CALTEC-001-104	Fecal metagenome of lab mouse	Mus Musculus	QIAamp Fast DNA Stool Mini Kit	WGS	METAGENOMIC	RANDOM	paired	ILLUMINA	Illumina NovaSeq 6000	"DNA was isolated from one mouse stool sample pellet using the Qiagen FAST DNA stool mini kint following the manufacturers protocol. Isolated DNA was quantified by Qubit. Pooled libraries were sequenced on Illumina NovaSeq 6000 ensuring 70 million reads, each 150 base pair long."	fastq							USA	34.1374596;-118.1268432	B1_C1_WT	55	WT	1	1	4/10/24	collection
CALTEC-001-105	CALTEC-001-105	Fecal metagenome of lab mouse	Mus Musculus	QIAamp Fast DNA Stool Mini Kit	WGS	METAGENOMIC	RANDOM	paired	ILLUMINA	Illumina NovaSeq 6000	"DNA was isolated from one mouse stool sample pellet using the Qiagen FAST DNA stool mini kint following the manufacturers protocol. Isolated DNA was quantified by Qubit. Pooled libraries were sequenced on Illumina NovaSeq 6000 ensuring 70 million reads, each 150 base pair long."	fastq							USA	34.1374596;-118.1268433	B1_C2_WT	55	WT	2	1	4/10/24	collection
CALTEC-001-106	CALTEC-001-106	Fecal metagenome of lab mouse	Mus Musculus	QIAamp Fast DNA Stool Mini Kit	WGS	METAGENOMIC	RANDOM	paired	ILLUMINA	Illumina NovaSeq 6000	"DNA was isolated from one mouse stool sample pellet using the Qiagen FAST DNA stool mini kint following the manufacturers protocol. Isolated DNA was quantified by Qubit. Pooled libraries were sequenced on Illumina NovaSeq 6000 ensuring 70 million reads, each 150 base pair long."	fastq							USA	34.1374596;-118.1268434	B1_C2_ASO	55	ASO	2	1	4/10/24	collection
CALTEC-001-107	CALTEC-001-107	Fecal metagenome of lab mouse	Mus Musculus	QIAamp Fast DNA Stool Mini Kit	WGS	METAGENOMIC	RANDOM	paired	ILLUMINA	Illumina NovaSeq 6000	"DNA was isolated from one mouse stool sample pellet using the Qiagen FAST DNA stool mini kint following the manufacturers protocol. Isolated DNA was quantified by Qubit. Pooled libraries were sequenced on Illumina NovaSeq 6000 ensuring 70 million reads, each 150 base pair long."	fastq							USA	34.1374596;-118.1268435	B1_C1_WT	55	WT	1	1	4/10/24	collection
CALTEC-001-108	CALTEC-001-108	Fecal metagenome of lab mouse	Mus Musculus	QIAamp Fast DNA Stool Mini Kit	WGS	METAGENOMIC	RANDOM	paired	ILLUMINA	Illumina NovaSeq 6000	"DNA was isolated from one mouse stool sample pellet using the Qiagen FAST DNA stool mini kint following the manufacturers protocol. Isolated DNA was quantified by Qubit. Pooled libraries were sequenced on Illumina NovaSeq 6000 ensuring 70 million reads, each 150 base pair long."	fastq							USA	34.1374596;-118.1268436	B2_C1_WT	55	WT	1	2	4/10/24	collection
CALTEC-001-109	CALTEC-001-109	Fecal metagenome of lab mouse	Mus Musculus	QIAamp Fast DNA Stool Mini Kit	WGS	METAGENOMIC	RANDOM	paired	ILLUMINA	Illumina NovaSeq 6000	"DNA was isolated from one mouse stool sample pellet using the Qiagen FAST DNA stool mini kint following the manufacturers protocol. Isolated DNA was quantified by Qubit. Pooled libraries were sequenced on Illumina NovaSeq 6000 ensuring 70 million reads, each 150 base pair long."	fastq							USA	34.1374596;-118.1268437	B2_C1_ASO	55	ASO	1	2	4/10/24	collection
CALTEC-001-110	CALTEC-001-110	Fecal metagenome of lab mouse	Mus Musculus	QIAamp Fast DNA Stool Mini Kit	WGS	METAGENOMIC	RANDOM	paired	ILLUMINA	Illumina NovaSeq 6000	"DNA was isolated from one mouse stool sample pellet using the Qiagen FAST DNA stool mini kint following the manufacturers protocol. Isolated DNA was quantified by Qubit. Pooled libraries were sequenced on Illumina NovaSeq 6000 ensuring 70 million reads, each 150 base pair long."	fastq							USA	34.1374596;-118.1268438	B2_C2_WT	55	WT	2	2	4/10/24	collection
CALTEC-001-111	CALTEC-001-111	Fecal metagenome of lab mouse	Mus Musculus	QIAamp Fast DNA Stool Mini Kit	WGS	METAGENOMIC	RANDOM	paired	ILLUMINA	Illumina NovaSeq 6000	"DNA was isolated from one mouse stool sample pellet using the Qiagen FAST DNA stool mini kint following the manufacturers protocol. Isolated DNA was quantified by Qubit. Pooled libraries were sequenced on Illumina NovaSeq 6000 ensuring 70 million reads, each 150 base pair long."	fastq							USA	34.1374596;-118.1268439	B2_C2_ASO	55	ASO	2	2	4/10/24	collection
CALTEC-001-112	CALTEC-001-112	Fecal metagenome of lab mouse	Mus Musculus	QIAamp Fast DNA Stool Mini Kit	WGS	METAGENOMIC	RANDOM	paired	ILLUMINA	Illumina NovaSeq 6000	"DNA was isolated from one mouse stool sample pellet using the Qiagen FAST DNA stool mini kint following the manufacturers protocol. Isolated DNA was quantified by Qubit. Pooled libraries were sequenced on Illumina NovaSeq 6000 ensuring 70 million reads, each 150 base pair long."	fastq							USA	34.1374596;-118.1268440	B3_C4_ASO	55	ASO	4	3	4/10/24	collection
CALTEC-001-113	CALTEC-001-113	Fecal metagenome of lab mouse	Mus Musculus	QIAamp Fast DNA Stool Mini Kit	WGS	METAGENOMIC	RANDOM	paired	ILLUMINA	Illumina NovaSeq 6000	"DNA was isolated from one mouse stool sample pellet using the Qiagen FAST DNA stool mini kint following the manufacturers protocol. Isolated DNA was quantified by Qubit. Pooled libraries were sequenced on Illumina NovaSeq 6000 ensuring 70 million reads, each 150 base pair long."	fastq							USA	34.1374596;-118.1268441	B3_C3_ASO	55	ASO	3	3	4/10/24	collection
CALTEC-001-114	CALTEC-001-114	Fecal metagenome of lab mouse	Mus Musculus	QIAamp Fast DNA Stool Mini Kit	WGS	METAGENOMIC	RANDOM	paired	ILLUMINA	Illumina NovaSeq 6000	"DNA was isolated from one mouse stool sample pellet using the Qiagen FAST DNA stool mini kint following the manufacturers protocol. Isolated DNA was quantified by Qubit. Pooled libraries were sequenced on Illumina NovaSeq 6000 ensuring 70 million reads, each 150 base pair long."	fastq							USA	34.1374596;-118.1268442	B4_C3_ASO	55	ASO	3	4	4/10/24	collection
CALTEC-001-115	CALTEC-001-115	Fecal metagenome of lab mouse	Mus Musculus	QIAamp Fast DNA Stool Mini Kit	WGS	METAGENOMIC	RANDOM	paired	ILLUMINA	Illumina NovaSeq 6000	"DNA was isolated from one mouse stool sample pellet using the Qiagen FAST DNA stool mini kint following the manufacturers protocol. Isolated DNA was quantified by Qubit. Pooled libraries were sequenced on Illumina NovaSeq 6000 ensuring 70 million reads, each 150 base pair long."	fastq							USA	34.1374596;-118.1268443	B4_C4_ASO	55	ASO	4	4	4/10/24	collection
CALTEC-001-116	CALTEC-001-116	Fecal metagenome of lab mouse	Mus Musculus	QIAamp Fast DNA Stool Mini Kit	WGS	METAGENOMIC	RANDOM	paired	ILLUMINA	Illumina NovaSeq 6000	"DNA was isolated from one mouse stool sample pellet using the Qiagen FAST DNA stool mini kint following the manufacturers protocol. Isolated DNA was quantified by Qubit. Pooled libraries were sequenced on Illumina NovaSeq 6000 ensuring 70 million reads, each 150 base pair long."	fastq							USA	34.1374596;-118.1268444	B4_C4_WT	55	WT	4	4	4/10/24	collection
CALTEC-001-117	CALTEC-001-117	Fecal metagenome of lab mouse	Mus Musculus	QIAamp Fast DNA Stool Mini Kit	WGS	METAGENOMIC	RANDOM	paired	ILLUMINA	Illumina NovaSeq 6000	"DNA was isolated from one mouse stool sample pellet using the Qiagen FAST DNA stool mini kint following the manufacturers protocol. Isolated DNA was quantified by Qubit. Pooled libraries were sequenced on Illumina NovaSeq 6000 ensuring 70 million reads, each 150 base pair long."	fastq							USA	34.1374596;-118.1268445	B1_C1_ASO	57	ASO	1	1	4/12/24	collection
CALTEC-001-118	CALTEC-001-118	Fecal metagenome of lab mouse	Mus Musculus	QIAamp Fast DNA Stool Mini Kit	WGS	METAGENOMIC	RANDOM	paired	ILLUMINA	Illumina NovaSeq 6000	"DNA was isolated from one mouse stool sample pellet using the Qiagen FAST DNA stool mini kint following the manufacturers protocol. Isolated DNA was quantified by Qubit. Pooled libraries were sequenced on Illumina NovaSeq 6000 ensuring 70 million reads, each 150 base pair long."	fastq							USA	34.1374596;-118.1268446	B1_C1_WT	57	WT	1	1	4/12/24	collection
CALTEC-001-119	CALTEC-001-119	Fecal metagenome of lab mouse	Mus Musculus	QIAamp Fast DNA Stool Mini Kit	WGS	METAGENOMIC	RANDOM	paired	ILLUMINA	Illumina NovaSeq 6000	"DNA was isolated from one mouse stool sample pellet using the Qiagen FAST DNA stool mini kint following the manufacturers protocol. Isolated DNA was quantified by Qubit. Pooled libraries were sequenced on Illumina NovaSeq 6000 ensuring 70 million reads, each 150 base pair long."	fastq							USA	34.1374596;-118.1268447	B1_C2_WT	57	WT	2	1	4/12/24	collection
CALTEC-001-120	CALTEC-001-120	Fecal metagenome of lab mouse	Mus Musculus	QIAamp Fast DNA Stool Mini Kit	WGS	METAGENOMIC	RANDOM	paired	ILLUMINA	Illumina NovaSeq 6000	"DNA was isolated from one mouse stool sample pellet using the Qiagen FAST DNA stool mini kint following the manufacturers protocol. Isolated DNA was quantified by Qubit. Pooled libraries were sequenced on Illumina NovaSeq 6000 ensuring 70 million reads, each 150 base pair long."	fastq							USA	34.1374596;-118.1268448	B1_C2_ASO	57	ASO	2	1	4/12/24	collection
CALTEC-001-121	CALTEC-001-121	Fecal metagenome of lab mouse	Mus Musculus	QIAamp Fast DNA Stool Mini Kit	WGS	METAGENOMIC	RANDOM	paired	ILLUMINA	Illumina NovaSeq 6000	"DNA was isolated from one mouse stool sample pellet using the Qiagen FAST DNA stool mini kint following the manufacturers protocol. Isolated DNA was quantified by Qubit. Pooled libraries were sequenced on Illumina NovaSeq 6000 ensuring 70 million reads, each 150 base pair long."	fastq							USA	34.1374596;-118.1268449	B1_C1_WT	57	WT	1	1	4/12/24	collection
CALTEC-001-122	CALTEC-001-122	Fecal metagenome of lab mouse	Mus Musculus	QIAamp Fast DNA Stool Mini Kit	WGS	METAGENOMIC	RANDOM	paired	ILLUMINA	Illumina NovaSeq 6000	"DNA was isolated from one mouse stool sample pellet using the Qiagen FAST DNA stool mini kint following the manufacturers protocol. Isolated DNA was quantified by Qubit. Pooled libraries were sequenced on Illumina NovaSeq 6000 ensuring 70 million reads, each 150 base pair long."	fastq							USA	34.1374596;-118.1268450	B2_C1_WT	57	WT	1	2	4/12/24	collection
CALTEC-001-123	CALTEC-001-123	Fecal metagenome of lab mouse	Mus Musculus	QIAamp Fast DNA Stool Mini Kit	WGS	METAGENOMIC	RANDOM	paired	ILLUMINA	Illumina NovaSeq 6000	"DNA was isolated from one mouse stool sample pellet using the Qiagen FAST DNA stool mini kint following the manufacturers protocol. Isolated DNA was quantified by Qubit. Pooled libraries were sequenced on Illumina NovaSeq 6000 ensuring 70 million reads, each 150 base pair long."	fastq							USA	34.1374596;-118.1268451	B2_C1_ASO	57	ASO	1	2	4/12/24	collection
CALTEC-001-124	CALTEC-001-124	Fecal metagenome of lab mouse	Mus Musculus	QIAamp Fast DNA Stool Mini Kit	WGS	METAGENOMIC	RANDOM	paired	ILLUMINA	Illumina NovaSeq 6000	"DNA was isolated from one mouse stool sample pellet using the Qiagen FAST DNA stool mini kint following the manufacturers protocol. Isolated DNA was quantified by Qubit. Pooled libraries were sequenced on Illumina NovaSeq 6000 ensuring 70 million reads, each 150 base pair long."	fastq							USA	34.1374596;-118.1268452	B2_C2_WT	57	WT	2	2	4/12/24	collection
CALTEC-001-125	CALTEC-001-125	Fecal metagenome of lab mouse	Mus Musculus	QIAamp Fast DNA Stool Mini Kit	WGS	METAGENOMIC	RANDOM	paired	ILLUMINA	Illumina NovaSeq 6000	"DNA was isolated from one mouse stool sample pellet using the Qiagen FAST DNA stool mini kint following the manufacturers protocol. Isolated DNA was quantified by Qubit. Pooled libraries were sequenced on Illumina NovaSeq 6000 ensuring 70 million reads, each 150 base pair long."	fastq							USA	34.1374596;-118.1268453	B2_C2_ASO	57	ASO	2	2	4/12/24	collection
CALTEC-001-126	CALTEC-001-126	Fecal metagenome of lab mouse	Mus Musculus	QIAamp Fast DNA Stool Mini Kit	WGS	METAGENOMIC	RANDOM	paired	ILLUMINA	Illumina NovaSeq 6000	"DNA was isolated from one mouse stool sample pellet using the Qiagen FAST DNA stool mini kint following the manufacturers protocol. Isolated DNA was quantified by Qubit. Pooled libraries were sequenced on Illumina NovaSeq 6000 ensuring 70 million reads, each 150 base pair long."	fastq							USA	34.1374596;-118.1268454	B3_C4_ASO	57	ASO	4	3	4/12/24	collection
CALTEC-001-127	CALTEC-001-127	Fecal metagenome of lab mouse	Mus Musculus	QIAamp Fast DNA Stool Mini Kit	WGS	METAGENOMIC	RANDOM	paired	ILLUMINA	Illumina NovaSeq 6000	"DNA was isolated from one mouse stool sample pellet using the Qiagen FAST DNA stool mini kint following the manufacturers protocol. Isolated DNA was quantified by Qubit. Pooled libraries were sequenced on Illumina NovaSeq 6000 ensuring 70 million reads, each 150 base pair long."	fastq							USA	34.1374596;-118.1268455	B3_C3_ASO	57	ASO	3	3	4/12/24	collection
CALTEC-001-128	CALTEC-001-128	Fecal metagenome of lab mouse	Mus Musculus	QIAamp Fast DNA Stool Mini Kit	WGS	METAGENOMIC	RANDOM	paired	ILLUMINA	Illumina NovaSeq 6000	"DNA was isolated from one mouse stool sample pellet using the Qiagen FAST DNA stool mini kint following the manufacturers protocol. Isolated DNA was quantified by Qubit. Pooled libraries were sequenced on Illumina NovaSeq 6000 ensuring 70 million reads, each 150 base pair long."	fastq							USA	34.1374596;-118.1268456	B4_C3_ASO	57	ASO	3	4	4/12/24	collection
CALTEC-001-129	CALTEC-001-129	Fecal metagenome of lab mouse	Mus Musculus	QIAamp Fast DNA Stool Mini Kit	WGS	METAGENOMIC	RANDOM	paired	ILLUMINA	Illumina NovaSeq 6000	"DNA was isolated from one mouse stool sample pellet using the Qiagen FAST DNA stool mini kint following the manufacturers protocol. Isolated DNA was quantified by Qubit. Pooled libraries were sequenced on Illumina NovaSeq 6000 ensuring 70 million reads, each 150 base pair long."	fastq							USA	34.1374596;-118.1268457	B4_C4_ASO	57	ASO	4	4	4/12/24	collection
CALTEC-001-130	CALTEC-001-130	Fecal metagenome of lab mouse	Mus Musculus	QIAamp Fast DNA Stool Mini Kit	WGS	METAGENOMIC	RANDOM	paired	ILLUMINA	Illumina NovaSeq 6000	"DNA was isolated from one mouse stool sample pellet using the Qiagen FAST DNA stool mini kint following the manufacturers protocol. Isolated DNA was quantified by Qubit. Pooled libraries were sequenced on Illumina NovaSeq 6000 ensuring 70 million reads, each 150 base pair long."	fastq							USA	34.1374596;-118.1268458	B4_C4_WT	57	WT	4	4	4/12/24	collection
CALTEC-001-131	CALTEC-001-131	Fecal metagenome of lab mouse	Mus Musculus	QIAamp Fast DNA Stool Mini Kit	WGS	METAGENOMIC	RANDOM	paired	ILLUMINA	Illumina NovaSeq 6000	"DNA was isolated from one mouse stool sample pellet using the Qiagen FAST DNA stool mini kint following the manufacturers protocol. Isolated DNA was quantified by Qubit. Pooled libraries were sequenced on Illumina NovaSeq 6000 ensuring 70 million reads, each 150 base pair long."	fastq							USA	34.1374596;-118.1268459	B1_C1_ASO	60	ASO	1	1	4/15/24	collection
CALTEC-001-132	CALTEC-001-132	Fecal metagenome of lab mouse	Mus Musculus	QIAamp Fast DNA Stool Mini Kit	WGS	METAGENOMIC	RANDOM	paired	ILLUMINA	Illumina NovaSeq 6000	"DNA was isolated from one mouse stool sample pellet using the Qiagen FAST DNA stool mini kint following the manufacturers protocol. Isolated DNA was quantified by Qubit. Pooled libraries were sequenced on Illumina NovaSeq 6000 ensuring 70 million reads, each 150 base pair long."	fastq							USA	34.1374596;-118.1268460	B1_C1_WT	60	WT	1	1	4/15/24	collection
CALTEC-001-133	CALTEC-001-133	Fecal metagenome of lab mouse	Mus Musculus	QIAamp Fast DNA Stool Mini Kit	WGS	METAGENOMIC	RANDOM	paired	ILLUMINA	Illumina NovaSeq 6000	"DNA was isolated from one mouse stool sample pellet using the Qiagen FAST DNA stool mini kint following the manufacturers protocol. Isolated DNA was quantified by Qubit. Pooled libraries were sequenced on Illumina NovaSeq 6000 ensuring 70 million reads, each 150 base pair long."	fastq							USA	34.1374596;-118.1268461	B1_C2_WT	60	WT	2	1	4/15/24	collection
CALTEC-001-134	CALTEC-001-134	Fecal metagenome of lab mouse	Mus Musculus	QIAamp Fast DNA Stool Mini Kit	WGS	METAGENOMIC	RANDOM	paired	ILLUMINA	Illumina NovaSeq 6000	"DNA was isolated from one mouse stool sample pellet using the Qiagen FAST DNA stool mini kint following the manufacturers protocol. Isolated DNA was quantified by Qubit. Pooled libraries were sequenced on Illumina NovaSeq 6000 ensuring 70 million reads, each 150 base pair long."	fastq							USA	34.1374596;-118.1268462	B1_C2_ASO	60	ASO	2	1	4/15/24	collection
CALTEC-001-135	CALTEC-001-135	Fecal metagenome of lab mouse	Mus Musculus	QIAamp Fast DNA Stool Mini Kit	WGS	METAGENOMIC	RANDOM	paired	ILLUMINA	Illumina NovaSeq 6000	"DNA was isolated from one mouse stool sample pellet using the Qiagen FAST DNA stool mini kint following the manufacturers protocol. Isolated DNA was quantified by Qubit. Pooled libraries were sequenced on Illumina NovaSeq 6000 ensuring 70 million reads, each 150 base pair long."	fastq							USA	34.1374596;-118.1268463	B1_C1_WT	60	WT	1	1	4/15/24	collection
CALTEC-001-136	CALTEC-001-136	Fecal metagenome of lab mouse	Mus Musculus	QIAamp Fast DNA Stool Mini Kit	WGS	METAGENOMIC	RANDOM	paired	ILLUMINA	Illumina NovaSeq 6000	"DNA was isolated from one mouse stool sample pellet using the Qiagen FAST DNA stool mini kint following the manufacturers protocol. Isolated DNA was quantified by Qubit. Pooled libraries were sequenced on Illumina NovaSeq 6000 ensuring 70 million reads, each 150 base pair long."	fastq							USA	34.1374596;-118.1268464	B2_C1_WT	60	WT	1	2	4/15/24	collection
CALTEC-001-137	CALTEC-001-137	Fecal metagenome of lab mouse	Mus Musculus	QIAamp Fast DNA Stool Mini Kit	WGS	METAGENOMIC	RANDOM	paired	ILLUMINA	Illumina NovaSeq 6000	"DNA was isolated from one mouse stool sample pellet using the Qiagen FAST DNA stool mini kint following the manufacturers protocol. Isolated DNA was quantified by Qubit. Pooled libraries were sequenced on Illumina NovaSeq 6000 ensuring 70 million reads, each 150 base pair long."	fastq							USA	34.1374596;-118.1268465	B2_C1_ASO	60	ASO	1	2	4/15/24	collection
CALTEC-001-138	CALTEC-001-138	Fecal metagenome of lab mouse	Mus Musculus	QIAamp Fast DNA Stool Mini Kit	WGS	METAGENOMIC	RANDOM	paired	ILLUMINA	Illumina NovaSeq 6000	"DNA was isolated from one mouse stool sample pellet using the Qiagen FAST DNA stool mini kint following the manufacturers protocol. Isolated DNA was quantified by Qubit. Pooled libraries were sequenced on Illumina NovaSeq 6000 ensuring 70 million reads, each 150 base pair long."	fastq							USA	34.1374596;-118.1268466	B2_C2_WT	60	WT	2	2	4/15/24	collection
CALTEC-001-139	CALTEC-001-139	Fecal metagenome of lab mouse	Mus Musculus	QIAamp Fast DNA Stool Mini Kit	WGS	METAGENOMIC	RANDOM	paired	ILLUMINA	Illumina NovaSeq 6000	"DNA was isolated from one mouse stool sample pellet using the Qiagen FAST DNA stool mini kint following the manufacturers protocol. Isolated DNA was quantified by Qubit. Pooled libraries were sequenced on Illumina NovaSeq 6000 ensuring 70 million reads, each 150 base pair long."	fastq							USA	34.1374596;-118.1268467	B2_C2_ASO	60	ASO	2	2	4/15/24	collection
CALTEC-001-140	CALTEC-001-140	Fecal metagenome of lab mouse	Mus Musculus	QIAamp Fast DNA Stool Mini Kit	WGS	METAGENOMIC	RANDOM	paired	ILLUMINA	Illumina NovaSeq 6000	"DNA was isolated from one mouse stool sample pellet using the Qiagen FAST DNA stool mini kint following the manufacturers protocol. Isolated DNA was quantified by Qubit. Pooled libraries were sequenced on Illumina NovaSeq 6000 ensuring 70 million reads, each 150 base pair long."	fastq							USA	34.1374596;-118.1268468	B3_C4_ASO	60	ASO	4	3	4/15/24	collection
CALTEC-001-141	CALTEC-001-141	Fecal metagenome of lab mouse	Mus Musculus	QIAamp Fast DNA Stool Mini Kit	WGS	METAGENOMIC	RANDOM	paired	ILLUMINA	Illumina NovaSeq 6000	"DNA was isolated from one mouse stool sample pellet using the Qiagen FAST DNA stool mini kint following the manufacturers protocol. Isolated DNA was quantified by Qubit. Pooled libraries were sequenced on Illumina NovaSeq 6000 ensuring 70 million reads, each 150 base pair long."	fastq							USA	34.1374596;-118.1268469	B3_C3_ASO	60	ASO	3	3	4/15/24	collection
CALTEC-001-142	CALTEC-001-142	Fecal metagenome of lab mouse	Mus Musculus	QIAamp Fast DNA Stool Mini Kit	WGS	METAGENOMIC	RANDOM	paired	ILLUMINA	Illumina NovaSeq 6000	"DNA was isolated from one mouse stool sample pellet using the Qiagen FAST DNA stool mini kint following the manufacturers protocol. Isolated DNA was quantified by Qubit. Pooled libraries were sequenced on Illumina NovaSeq 6000 ensuring 70 million reads, each 150 base pair long."	fastq							USA	34.1374596;-118.1268470	B4_C3_ASO	60	ASO	3	4	4/15/24	collection
CALTEC-001-143	CALTEC-001-143	Fecal metagenome of lab mouse	Mus Musculus	QIAamp Fast DNA Stool Mini Kit	WGS	METAGENOMIC	RANDOM	paired	ILLUMINA	Illumina NovaSeq 6000	"DNA was isolated from one mouse stool sample pellet using the Qiagen FAST DNA stool mini kint following the manufacturers protocol. Isolated DNA was quantified by Qubit. Pooled libraries were sequenced on Illumina NovaSeq 6000 ensuring 70 million reads, each 150 base pair long."	fastq							USA	34.1374596;-118.1268471	B4_C4_ASO	60	ASO	4	4	4/15/24	collection
CALTEC-001-144	CALTEC-001-144	Fecal metagenome of lab mouse	Mus Musculus	QIAamp Fast DNA Stool Mini Kit	WGS	METAGENOMIC	RANDOM	paired	ILLUMINA	Illumina NovaSeq 6000	"DNA was isolated from one mouse stool sample pellet using the Qiagen FAST DNA stool mini kint following the manufacturers protocol. Isolated DNA was quantified by Qubit. Pooled libraries were sequenced on Illumina NovaSeq 6000 ensuring 70 million reads, each 150 base pair long."	fastq							USA	34.1374596;-118.1268472	B4_C4_WT	60	WT	4	4	4/15/24	collection
CALTEC-001-145	CALTEC-001-145	Fecal metagenome of lab mouse	Mus Musculus	QIAamp Fast DNA Stool Mini Kit	WGS	METAGENOMIC	RANDOM	paired	ILLUMINA	Illumina NovaSeq 6000	"DNA was isolated from one mouse stool sample pellet using the Qiagen FAST DNA stool mini kint following the manufacturers protocol. Isolated DNA was quantified by Qubit. Pooled libraries were sequenced on Illumina NovaSeq 6000 ensuring 70 million reads, each 150 base pair long."	fastq							USA	34.1374596;-118.1268473	B1_C1_ASO	64	ASO	1	1	4/19/24	collection
CALTEC-001-146	CALTEC-001-146	Fecal metagenome of lab mouse	Mus Musculus	QIAamp Fast DNA Stool Mini Kit	WGS	METAGENOMIC	RANDOM	paired	ILLUMINA	Illumina NovaSeq 6000	"DNA was isolated from one mouse stool sample pellet using the Qiagen FAST DNA stool mini kint following the manufacturers protocol. Isolated DNA was quantified by Qubit. Pooled libraries were sequenced on Illumina NovaSeq 6000 ensuring 70 million reads, each 150 base pair long."	fastq							USA	34.1374596;-118.1268474	B1_C1_WT	64	WT	1	1	4/19/24	collection
CALTEC-001-147	CALTEC-001-147	Fecal metagenome of lab mouse	Mus Musculus	QIAamp Fast DNA Stool Mini Kit	WGS	METAGENOMIC	RANDOM	paired	ILLUMINA	Illumina NovaSeq 6000	"DNA was isolated from one mouse stool sample pellet using the Qiagen FAST DNA stool mini kint following the manufacturers protocol. Isolated DNA was quantified by Qubit. Pooled libraries were sequenced on Illumina NovaSeq 6000 ensuring 70 million reads, each 150 base pair long."	fastq							USA	34.1374596;-118.1268475	B1_C2_WT	64	WT	2	1	4/19/24	collection
CALTEC-001-148	CALTEC-001-148	Fecal metagenome of lab mouse	Mus Musculus	QIAamp Fast DNA Stool Mini Kit	WGS	METAGENOMIC	RANDOM	paired	ILLUMINA	Illumina NovaSeq 6000	"DNA was isolated from one mouse stool sample pellet using the Qiagen FAST DNA stool mini kint following the manufacturers protocol. Isolated DNA was quantified by Qubit. Pooled libraries were sequenced on Illumina NovaSeq 6000 ensuring 70 million reads, each 150 base pair long."	fastq							USA	34.1374596;-118.1268476	B1_C2_ASO	64	ASO	2	1	4/19/24	collection
CALTEC-001-149	CALTEC-001-149	Fecal metagenome of lab mouse	Mus Musculus	QIAamp Fast DNA Stool Mini Kit	WGS	METAGENOMIC	RANDOM	paired	ILLUMINA	Illumina NovaSeq 6000	"DNA was isolated from one mouse stool sample pellet using the Qiagen FAST DNA stool mini kint following the manufacturers protocol. Isolated DNA was quantified by Qubit. Pooled libraries were sequenced on Illumina NovaSeq 6000 ensuring 70 million reads, each 150 base pair long."	fastq							USA	34.1374596;-118.1268477	B1_C1_WT	64	WT	1	1	4/19/24	collection
CALTEC-001-150	CALTEC-001-150	Fecal metagenome of lab mouse	Mus Musculus	QIAamp Fast DNA Stool Mini Kit	WGS	METAGENOMIC	RANDOM	paired	ILLUMINA	Illumina NovaSeq 6000	"DNA was isolated from one mouse stool sample pellet using the Qiagen FAST DNA stool mini kint following the manufacturers protocol. Isolated DNA was quantified by Qubit. Pooled libraries were sequenced on Illumina NovaSeq 6000 ensuring 70 million reads, each 150 base pair long."	fastq							USA	34.1374596;-118.1268478	B2_C1_WT	64	WT	1	2	4/19/24	collection
CALTEC-001-151	CALTEC-001-151	Fecal metagenome of lab mouse	Mus Musculus	QIAamp Fast DNA Stool Mini Kit	WGS	METAGENOMIC	RANDOM	paired	ILLUMINA	Illumina NovaSeq 6000	"DNA was isolated from one mouse stool sample pellet using the Qiagen FAST DNA stool mini kint following the manufacturers protocol. Isolated DNA was quantified by Qubit. Pooled libraries were sequenced on Illumina NovaSeq 6000 ensuring 70 million reads, each 150 base pair long."	fastq							USA	34.1374596;-118.1268479	B2_C1_ASO	64	ASO	1	2	4/19/24	collection
CALTEC-001-152	CALTEC-001-152	Fecal metagenome of lab mouse	Mus Musculus	QIAamp Fast DNA Stool Mini Kit	WGS	METAGENOMIC	RANDOM	paired	ILLUMINA	Illumina NovaSeq 6000	"DNA was isolated from one mouse stool sample pellet using the Qiagen FAST DNA stool mini kint following the manufacturers protocol. Isolated DNA was quantified by Qubit. Pooled libraries were sequenced on Illumina NovaSeq 6000 ensuring 70 million reads, each 150 base pair long."	fastq							USA	34.1374596;-118.1268480	B2_C2_WT	64	WT	2	2	4/19/24	collection
CALTEC-001-153	CALTEC-001-153	Fecal metagenome of lab mouse	Mus Musculus	QIAamp Fast DNA Stool Mini Kit	WGS	METAGENOMIC	RANDOM	paired	ILLUMINA	Illumina NovaSeq 6000	"DNA was isolated from one mouse stool sample pellet using the Qiagen FAST DNA stool mini kint following the manufacturers protocol. Isolated DNA was quantified by Qubit. Pooled libraries were sequenced on Illumina NovaSeq 6000 ensuring 70 million reads, each 150 base pair long."	fastq							USA	34.1374596;-118.1268481	B2_C2_ASO	64	ASO	2	2	4/19/24	collection
CALTEC-001-154	CALTEC-001-154	Fecal metagenome of lab mouse	Mus Musculus	QIAamp Fast DNA Stool Mini Kit	WGS	METAGENOMIC	RANDOM	paired	ILLUMINA	Illumina NovaSeq 6000	"DNA was isolated from one mouse stool sample pellet using the Qiagen FAST DNA stool mini kint following the manufacturers protocol. Isolated DNA was quantified by Qubit. Pooled libraries were sequenced on Illumina NovaSeq 6000 ensuring 70 million reads, each 150 base pair long."	fastq							USA	34.1374596;-118.1268482	B3_C4_ASO	64	ASO	4	3	4/19/24	collection
CALTEC-001-155	CALTEC-001-155	Fecal metagenome of lab mouse	Mus Musculus	QIAamp Fast DNA Stool Mini Kit	WGS	METAGENOMIC	RANDOM	paired	ILLUMINA	Illumina NovaSeq 6000	"DNA was isolated from one mouse stool sample pellet using the Qiagen FAST DNA stool mini kint following the manufacturers protocol. Isolated DNA was quantified by Qubit. Pooled libraries were sequenced on Illumina NovaSeq 6000 ensuring 70 million reads, each 150 base pair long."	fastq							USA	34.1374596;-118.1268483	B3_C3_ASO	64	ASO	3	3	4/19/24	collection
CALTEC-001-156	CALTEC-001-156	Fecal metagenome of lab mouse	Mus Musculus	QIAamp Fast DNA Stool Mini Kit	WGS	METAGENOMIC	RANDOM	paired	ILLUMINA	Illumina NovaSeq 6000	"DNA was isolated from one mouse stool sample pellet using the Qiagen FAST DNA stool mini kint following the manufacturers protocol. Isolated DNA was quantified by Qubit. Pooled libraries were sequenced on Illumina NovaSeq 6000 ensuring 70 million reads, each 150 base pair long."	fastq							USA	34.1374596;-118.1268484	B4_C3_ASO	64	ASO	3	4	4/19/24	collection
CALTEC-001-157	CALTEC-001-157	Fecal metagenome of lab mouse	Mus Musculus	QIAamp Fast DNA Stool Mini Kit	WGS	METAGENOMIC	RANDOM	paired	ILLUMINA	Illumina NovaSeq 6000	"DNA was isolated from one mouse stool sample pellet using the Qiagen FAST DNA stool mini kint following the manufacturers protocol. Isolated DNA was quantified by Qubit. Pooled libraries were sequenced on Illumina NovaSeq 6000 ensuring 70 million reads, each 150 base pair long."	fastq							USA	34.1374596;-118.1268485	B4_C4_ASO	64	ASO	4	4	4/19/24	collection
CALTEC-001-158	CALTEC-001-158	Fecal metagenome of lab mouse	Mus Musculus	QIAamp Fast DNA Stool Mini Kit	WGS	METAGENOMIC	RANDOM	paired	ILLUMINA	Illumina NovaSeq 6000	"DNA was isolated from one mouse stool sample pellet using the Qiagen FAST DNA stool mini kint following the manufacturers protocol. Isolated DNA was quantified by Qubit. Pooled libraries were sequenced on Illumina NovaSeq 6000 ensuring 70 million reads, each 150 base pair long."	fastq							USA	34.1374596;-118.1268486	B4_C4_WT	64	WT	4	4	4/19/24	collection
CALTEC-001-159	CALTEC-001-159	Fecal metagenome of lab mouse	Mus Musculus	QIAamp Fast DNA Stool Mini Kit	WGS	METAGENOMIC	RANDOM	paired	ILLUMINA	Illumina NovaSeq 6000	"DNA was isolated from one mouse stool sample pellet using the Qiagen FAST DNA stool mini kint following the manufacturers protocol. Isolated DNA was quantified by Qubit. Pooled libraries were sequenced on Illumina NovaSeq 6000 ensuring 70 million reads, each 150 base pair long."	fastq							USA	34.1374596;-118.1268487	B1_C1_ASO	68	ASO	1	1	4/23/24	collection
CALTEC-001-160	CALTEC-001-160	Fecal metagenome of lab mouse	Mus Musculus	QIAamp Fast DNA Stool Mini Kit	WGS	METAGENOMIC	RANDOM	paired	ILLUMINA	Illumina NovaSeq 6000	"DNA was isolated from one mouse stool sample pellet using the Qiagen FAST DNA stool mini kint following the manufacturers protocol. Isolated DNA was quantified by Qubit. Pooled libraries were sequenced on Illumina NovaSeq 6000 ensuring 70 million reads, each 150 base pair long."	fastq							USA	34.1374596;-118.1268488	B1_C1_WT	68	WT	1	1	4/23/24	collection
CALTEC-001-161	CALTEC-001-161	Fecal metagenome of lab mouse	Mus Musculus	QIAamp Fast DNA Stool Mini Kit	WGS	METAGENOMIC	RANDOM	paired	ILLUMINA	Illumina NovaSeq 6000	"DNA was isolated from one mouse stool sample pellet using the Qiagen FAST DNA stool mini kint following the manufacturers protocol. Isolated DNA was quantified by Qubit. Pooled libraries were sequenced on Illumina NovaSeq 6000 ensuring 70 million reads, each 150 base pair long."	fastq							USA	34.1374596;-118.1268489	B1_C2_WT	68	WT	2	1	4/23/24	collection
CALTEC-001-162	CALTEC-001-162	Fecal metagenome of lab mouse	Mus Musculus	QIAamp Fast DNA Stool Mini Kit	WGS	METAGENOMIC	RANDOM	paired	ILLUMINA	Illumina NovaSeq 6000	"DNA was isolated from one mouse stool sample pellet using the Qiagen FAST DNA stool mini kint following the manufacturers protocol. Isolated DNA was quantified by Qubit. Pooled libraries were sequenced on Illumina NovaSeq 6000 ensuring 70 million reads, each 150 base pair long."	fastq							USA	34.1374596;-118.1268490	B1_C2_ASO	68	ASO	2	1	4/23/24	collection
CALTEC-001-163	CALTEC-001-163	Fecal metagenome of lab mouse	Mus Musculus	QIAamp Fast DNA Stool Mini Kit	WGS	METAGENOMIC	RANDOM	paired	ILLUMINA	Illumina NovaSeq 6000	"DNA was isolated from one mouse stool sample pellet using the Qiagen FAST DNA stool mini kint following the manufacturers protocol. Isolated DNA was quantified by Qubit. Pooled libraries were sequenced on Illumina NovaSeq 6000 ensuring 70 million reads, each 150 base pair long."	fastq							USA	34.1374596;-118.1268491	B1_C1_WT	68	WT	1	1	4/23/24	collection
CALTEC-001-164	CALTEC-001-164	Fecal metagenome of lab mouse	Mus Musculus	QIAamp Fast DNA Stool Mini Kit	WGS	METAGENOMIC	RANDOM	paired	ILLUMINA	Illumina NovaSeq 6000	"DNA was isolated from one mouse stool sample pellet using the Qiagen FAST DNA stool mini kint following the manufacturers protocol. Isolated DNA was quantified by Qubit. Pooled libraries were sequenced on Illumina NovaSeq 6000 ensuring 70 million reads, each 150 base pair long."	fastq							USA	34.1374596;-118.1268492	B2_C1_WT	68	WT	1	2	4/23/24	collection
CALTEC-001-165	CALTEC-001-165	Fecal metagenome of lab mouse	Mus Musculus	QIAamp Fast DNA Stool Mini Kit	WGS	METAGENOMIC	RANDOM	paired	ILLUMINA	Illumina NovaSeq 6000	"DNA was isolated from one mouse stool sample pellet using the Qiagen FAST DNA stool mini kint following the manufacturers protocol. Isolated DNA was quantified by Qubit. Pooled libraries were sequenced on Illumina NovaSeq 6000 ensuring 70 million reads, each 150 base pair long."	fastq							USA	34.1374596;-118.1268493	B2_C1_ASO	68	ASO	1	2	4/23/24	collection
CALTEC-001-166	CALTEC-001-166	Fecal metagenome of lab mouse	Mus Musculus	QIAamp Fast DNA Stool Mini Kit	WGS	METAGENOMIC	RANDOM	paired	ILLUMINA	Illumina NovaSeq 6000	"DNA was isolated from one mouse stool sample pellet using the Qiagen FAST DNA stool mini kint following the manufacturers protocol. Isolated DNA was quantified by Qubit. Pooled libraries were sequenced on Illumina NovaSeq 6000 ensuring 70 million reads, each 150 base pair long."	fastq							USA	34.1374596;-118.1268494	B2_C2_WT	68	WT	2	2	4/23/24	collection
CALTEC-001-167	CALTEC-001-167	Fecal metagenome of lab mouse	Mus Musculus	QIAamp Fast DNA Stool Mini Kit	WGS	METAGENOMIC	RANDOM	paired	ILLUMINA	Illumina NovaSeq 6000	"DNA was isolated from one mouse stool sample pellet using the Qiagen FAST DNA stool mini kint following the manufacturers protocol. Isolated DNA was quantified by Qubit. Pooled libraries were sequenced on Illumina NovaSeq 6000 ensuring 70 million reads, each 150 base pair long."	fastq							USA	34.1374596;-118.1268495	B2_C2_ASO	68	ASO	2	2	4/23/24	collection
CALTEC-001-168	CALTEC-001-168	Fecal metagenome of lab mouse	Mus Musculus	QIAamp Fast DNA Stool Mini Kit	WGS	METAGENOMIC	RANDOM	paired	ILLUMINA	Illumina NovaSeq 6000	"DNA was isolated from one mouse stool sample pellet using the Qiagen FAST DNA stool mini kint following the manufacturers protocol. Isolated DNA was quantified by Qubit. Pooled libraries were sequenced on Illumina NovaSeq 6000 ensuring 70 million reads, each 150 base pair long."	fastq							USA	34.1374596;-118.1268496	B3_C4_ASO	68	ASO	4	3	4/23/24	collection
CALTEC-001-169	CALTEC-001-169	Fecal metagenome of lab mouse	Mus Musculus	QIAamp Fast DNA Stool Mini Kit	WGS	METAGENOMIC	RANDOM	paired	ILLUMINA	Illumina NovaSeq 6000	"DNA was isolated from one mouse stool sample pellet using the Qiagen FAST DNA stool mini kint following the manufacturers protocol. Isolated DNA was quantified by Qubit. Pooled libraries were sequenced on Illumina NovaSeq 6000 ensuring 70 million reads, each 150 base pair long."	fastq							USA	34.1374596;-118.1268497	B3_C3_ASO	68	ASO	3	3	4/23/24	collection
CALTEC-001-170	CALTEC-001-170	Fecal metagenome of lab mouse	Mus Musculus	QIAamp Fast DNA Stool Mini Kit	WGS	METAGENOMIC	RANDOM	paired	ILLUMINA	Illumina NovaSeq 6000	"DNA was isolated from one mouse stool sample pellet using the Qiagen FAST DNA stool mini kint following the manufacturers protocol. Isolated DNA was quantified by Qubit. Pooled libraries were sequenced on Illumina NovaSeq 6000 ensuring 70 million reads, each 150 base pair long."	fastq							USA	34.1374596;-118.1268498	B4_C3_ASO	68	ASO	3	4	4/23/24	collection
CALTEC-001-171	CALTEC-001-171	Fecal metagenome of lab mouse	Mus Musculus	QIAamp Fast DNA Stool Mini Kit	WGS	METAGENOMIC	RANDOM	paired	ILLUMINA	Illumina NovaSeq 6000	"DNA was isolated from one mouse stool sample pellet using the Qiagen FAST DNA stool mini kint following the manufacturers protocol. Isolated DNA was quantified by Qubit. Pooled libraries were sequenced on Illumina NovaSeq 6000 ensuring 70 million reads, each 150 base pair long."	fastq							USA	34.1374596;-118.1268499	B4_C4_ASO	68	ASO	4	4	4/23/24	collection
CALTEC-001-172	CALTEC-001-172	Fecal metagenome of lab mouse	Mus Musculus	QIAamp Fast DNA Stool Mini Kit	WGS	METAGENOMIC	RANDOM	paired	ILLUMINA	Illumina NovaSeq 6000	"DNA was isolated from one mouse stool sample pellet using the Qiagen FAST DNA stool mini kint following the manufacturers protocol. Isolated DNA was quantified by Qubit. Pooled libraries were sequenced on Illumina NovaSeq 6000 ensuring 70 million reads, each 150 base pair long."	fastq							USA	34.1374596;-118.1268500	B4_C4_WT	68	WT	4	4	4/23/24	collection
CALTEC-001-173	CALTEC-001-173	Fecal metagenome of lab mouse	Mus Musculus	QIAamp Fast DNA Stool Mini Kit	WGS	METAGENOMIC	RANDOM	paired	ILLUMINA	Illumina NovaSeq 6000	"DNA was isolated from one mouse stool sample pellet using the Qiagen FAST DNA stool mini kint following the manufacturers protocol. Isolated DNA was quantified by Qubit. Pooled libraries were sequenced on Illumina NovaSeq 6000 ensuring 70 million reads, each 150 base pair long."	fastq							USA	34.1374596;-118.1268501	B1_C1_ASO	70	ASO	1	1	4/25/24	collection
CALTEC-001-174	CALTEC-001-174	Fecal metagenome of lab mouse	Mus Musculus	QIAamp Fast DNA Stool Mini Kit	WGS	METAGENOMIC	RANDOM	paired	ILLUMINA	Illumina NovaSeq 6000	"DNA was isolated from one mouse stool sample pellet using the Qiagen FAST DNA stool mini kint following the manufacturers protocol. Isolated DNA was quantified by Qubit. Pooled libraries were sequenced on Illumina NovaSeq 6000 ensuring 70 million reads, each 150 base pair long."	fastq							USA	34.1374596;-118.1268502	B1_C1_WT	70	WT	1	1	4/25/24	collection
CALTEC-001-175	CALTEC-001-175	Fecal metagenome of lab mouse	Mus Musculus	QIAamp Fast DNA Stool Mini Kit	WGS	METAGENOMIC	RANDOM	paired	ILLUMINA	Illumina NovaSeq 6000	"DNA was isolated from one mouse stool sample pellet using the Qiagen FAST DNA stool mini kint following the manufacturers protocol. Isolated DNA was quantified by Qubit. Pooled libraries were sequenced on Illumina NovaSeq 6000 ensuring 70 million reads, each 150 base pair long."	fastq							USA	34.1374596;-118.1268503	B1_C2_WT	70	WT	2	1	4/25/24	collection
CALTEC-001-176	CALTEC-001-176	Fecal metagenome of lab mouse	Mus Musculus	QIAamp Fast DNA Stool Mini Kit	WGS	METAGENOMIC	RANDOM	paired	ILLUMINA	Illumina NovaSeq 6000	"DNA was isolated from one mouse stool sample pellet using the Qiagen FAST DNA stool mini kint following the manufacturers protocol. Isolated DNA was quantified by Qubit. Pooled libraries were sequenced on Illumina NovaSeq 6000 ensuring 70 million reads, each 150 base pair long."	fastq							USA	34.1374596;-118.1268504	B1_C2_ASO	70	ASO	2	1	4/25/24	collection
CALTEC-001-177	CALTEC-001-177	Fecal metagenome of lab mouse	Mus Musculus	QIAamp Fast DNA Stool Mini Kit	WGS	METAGENOMIC	RANDOM	paired	ILLUMINA	Illumina NovaSeq 6000	"DNA was isolated from one mouse stool sample pellet using the Qiagen FAST DNA stool mini kint following the manufacturers protocol. Isolated DNA was quantified by Qubit. Pooled libraries were sequenced on Illumina NovaSeq 6000 ensuring 70 million reads, each 150 base pair long."	fastq							USA	34.1374596;-118.1268505	B1_C1_WT	70	WT	1	1	4/25/24	collection
CALTEC-001-178	CALTEC-001-178	Fecal metagenome of lab mouse	Mus Musculus	QIAamp Fast DNA Stool Mini Kit	WGS	METAGENOMIC	RANDOM	paired	ILLUMINA	Illumina NovaSeq 6000	"DNA was isolated from one mouse stool sample pellet using the Qiagen FAST DNA stool mini kint following the manufacturers protocol. Isolated DNA was quantified by Qubit. Pooled libraries were sequenced on Illumina NovaSeq 6000 ensuring 70 million reads, each 150 base pair long."	fastq							USA	34.1374596;-118.1268506	B2_C1_WT	70	WT	1	2	4/25/24	collection
CALTEC-001-179	CALTEC-001-179	Fecal metagenome of lab mouse	Mus Musculus	QIAamp Fast DNA Stool Mini Kit	WGS	METAGENOMIC	RANDOM	paired	ILLUMINA	Illumina NovaSeq 6000	"DNA was isolated from one mouse stool sample pellet using the Qiagen FAST DNA stool mini kint following the manufacturers protocol. Isolated DNA was quantified by Qubit. Pooled libraries were sequenced on Illumina NovaSeq 6000 ensuring 70 million reads, each 150 base pair long."	fastq							USA	34.1374596;-118.1268507	B2_C1_ASO	70	ASO	1	2	4/25/24	collection
CALTEC-001-180	CALTEC-001-180	Fecal metagenome of lab mouse	Mus Musculus	QIAamp Fast DNA Stool Mini Kit	WGS	METAGENOMIC	RANDOM	paired	ILLUMINA	Illumina NovaSeq 6000	"DNA was isolated from one mouse stool sample pellet using the Qiagen FAST DNA stool mini kint following the manufacturers protocol. Isolated DNA was quantified by Qubit. Pooled libraries were sequenced on Illumina NovaSeq 6000 ensuring 70 million reads, each 150 base pair long."	fastq							USA	34.1374596;-118.1268508	B2_C2_WT	70	WT	2	2	4/25/24	collection
CALTEC-001-181	CALTEC-001-181	Fecal metagenome of lab mouse	Mus Musculus	QIAamp Fast DNA Stool Mini Kit	WGS	METAGENOMIC	RANDOM	paired	ILLUMINA	Illumina NovaSeq 6000	"DNA was isolated from one mouse stool sample pellet using the Qiagen FAST DNA stool mini kint following the manufacturers protocol. Isolated DNA was quantified by Qubit. Pooled libraries were sequenced on Illumina NovaSeq 6000 ensuring 70 million reads, each 150 base pair long."	fastq							USA	34.1374596;-118.1268509	B2_C2_ASO	70	ASO	2	2	4/25/24	collection
CALTEC-001-182	CALTEC-001-182	Fecal metagenome of lab mouse	Mus Musculus	QIAamp Fast DNA Stool Mini Kit	WGS	METAGENOMIC	RANDOM	paired	ILLUMINA	Illumina NovaSeq 6000	"DNA was isolated from one mouse stool sample pellet using the Qiagen FAST DNA stool mini kint following the manufacturers protocol. Isolated DNA was quantified by Qubit. Pooled libraries were sequenced on Illumina NovaSeq 6000 ensuring 70 million reads, each 150 base pair long."	fastq							USA	34.1374596;-118.1268510	B3_C4_ASO	70	ASO	4	3	4/25/24	collection
CALTEC-001-183	CALTEC-001-183	Fecal metagenome of lab mouse	Mus Musculus	QIAamp Fast DNA Stool Mini Kit	WGS	METAGENOMIC	RANDOM	paired	ILLUMINA	Illumina NovaSeq 6000	"DNA was isolated from one mouse stool sample pellet using the Qiagen FAST DNA stool mini kint following the manufacturers protocol. Isolated DNA was quantified by Qubit. Pooled libraries were sequenced on Illumina NovaSeq 6000 ensuring 70 million reads, each 150 base pair long."	fastq							USA	34.1374596;-118.1268511	B3_C3_ASO	70	ASO	3	3	4/25/24	collection
CALTEC-001-184	CALTEC-001-184	Fecal metagenome of lab mouse	Mus Musculus	QIAamp Fast DNA Stool Mini Kit	WGS	METAGENOMIC	RANDOM	paired	ILLUMINA	Illumina NovaSeq 6000	"DNA was isolated from one mouse stool sample pellet using the Qiagen FAST DNA stool mini kint following the manufacturers protocol. Isolated DNA was quantified by Qubit. Pooled libraries were sequenced on Illumina NovaSeq 6000 ensuring 70 million reads, each 150 base pair long."	fastq							USA	34.1374596;-118.1268512	B4_C3_ASO	70	ASO	3	4	4/25/24	collection
CALTEC-001-185	CALTEC-001-185	Fecal metagenome of lab mouse	Mus Musculus	QIAamp Fast DNA Stool Mini Kit	WGS	METAGENOMIC	RANDOM	paired	ILLUMINA	Illumina NovaSeq 6000	"DNA was isolated from one mouse stool sample pellet using the Qiagen FAST DNA stool mini kint following the manufacturers protocol. Isolated DNA was quantified by Qubit. Pooled libraries were sequenced on Illumina NovaSeq 6000 ensuring 70 million reads, each 150 base pair long."	fastq							USA	34.1374596;-118.1268513	B4_C4_ASO	70	ASO	4	4	4/25/24	collection
CALTEC-001-186	CALTEC-001-186	Fecal metagenome of lab mouse	Mus Musculus	QIAamp Fast DNA Stool Mini Kit	WGS	METAGENOMIC	RANDOM	paired	ILLUMINA	Illumina NovaSeq 6000	"DNA was isolated from one mouse stool sample pellet using the Qiagen FAST DNA stool mini kint following the manufacturers protocol. Isolated DNA was quantified by Qubit. Pooled libraries were sequenced on Illumina NovaSeq 6000 ensuring 70 million reads, each 150 base pair long."	fastq							USA	34.1374596;-118.1268514	B4_C4_WT	70	WT	4	4	4/25/24	collection
CALTEC-001-187	CALTEC-001-187	Fecal metagenome of lab mouse	Mus Musculus	QIAamp Fast DNA Stool Mini Kit	WGS	METAGENOMIC	RANDOM	paired	ILLUMINA	Illumina NovaSeq 6000	"DNA was isolated from one mouse stool sample pellet using the Qiagen FAST DNA stool mini kint following the manufacturers protocol. Isolated DNA was quantified by Qubit. Pooled libraries were sequenced on Illumina NovaSeq 6000 ensuring 70 million reads, each 150 base pair long."	fastq							USA	34.1374596;-118.1268515	B1_C1_ASO	78	ASO	1	1	5/3/24	collection
CALTEC-001-188	CALTEC-001-188	Fecal metagenome of lab mouse	Mus Musculus	QIAamp Fast DNA Stool Mini Kit	WGS	METAGENOMIC	RANDOM	paired	ILLUMINA	Illumina NovaSeq 6000	"DNA was isolated from one mouse stool sample pellet using the Qiagen FAST DNA stool mini kint following the manufacturers protocol. Isolated DNA was quantified by Qubit. Pooled libraries were sequenced on Illumina NovaSeq 6000 ensuring 70 million reads, each 150 base pair long."	fastq							USA	34.1374596;-118.1268516	B1_C1_WT	78	WT	1	1	5/3/24	collection
CALTEC-001-189	CALTEC-001-189	Fecal metagenome of lab mouse	Mus Musculus	QIAamp Fast DNA Stool Mini Kit	WGS	METAGENOMIC	RANDOM	paired	ILLUMINA	Illumina NovaSeq 6000	"DNA was isolated from one mouse stool sample pellet using the Qiagen FAST DNA stool mini kint following the manufacturers protocol. Isolated DNA was quantified by Qubit. Pooled libraries were sequenced on Illumina NovaSeq 6000 ensuring 70 million reads, each 150 base pair long."	fastq							USA	34.1374596;-118.1268517	B1_C2_WT	78	WT	2	1	5/3/24	collection
CALTEC-001-190	CALTEC-001-190	Fecal metagenome of lab mouse	Mus Musculus	QIAamp Fast DNA Stool Mini Kit	WGS	METAGENOMIC	RANDOM	paired	ILLUMINA	Illumina NovaSeq 6000	"DNA was isolated from one mouse stool sample pellet using the Qiagen FAST DNA stool mini kint following the manufacturers protocol. Isolated DNA was quantified by Qubit. Pooled libraries were sequenced on Illumina NovaSeq 6000 ensuring 70 million reads, each 150 base pair long."	fastq							USA	34.1374596;-118.1268518	B1_C2_ASO	78	ASO	2	1	5/3/24	collection
CALTEC-001-191	CALTEC-001-191	Fecal metagenome of lab mouse	Mus Musculus	QIAamp Fast DNA Stool Mini Kit	WGS	METAGENOMIC	RANDOM	paired	ILLUMINA	Illumina NovaSeq 6000	"DNA was isolated from one mouse stool sample pellet using the Qiagen FAST DNA stool mini kint following the manufacturers protocol. Isolated DNA was quantified by Qubit. Pooled libraries were sequenced on Illumina NovaSeq 6000 ensuring 70 million reads, each 150 base pair long."	fastq							USA	34.1374596;-118.1268519	B1_C1_WT	78	WT	1	1	5/3/24	collection
CALTEC-001-192	CALTEC-001-192	Fecal metagenome of lab mouse	Mus Musculus	QIAamp Fast DNA Stool Mini Kit	WGS	METAGENOMIC	RANDOM	paired	ILLUMINA	Illumina NovaSeq 6000	"DNA was isolated from one mouse stool sample pellet using the Qiagen FAST DNA stool mini kint following the manufacturers protocol. Isolated DNA was quantified by Qubit. Pooled libraries were sequenced on Illumina NovaSeq 6000 ensuring 70 million reads, each 150 base pair long."	fastq							USA	34.1374596;-118.1268520	B2_C1_WT	78	WT	1	2	5/3/24	collection
CALTEC-001-193	CALTEC-001-193	Fecal metagenome of lab mouse	Mus Musculus	QIAamp Fast DNA Stool Mini Kit	WGS	METAGENOMIC	RANDOM	paired	ILLUMINA	Illumina NovaSeq 6000	"DNA was isolated from one mouse stool sample pellet using the Qiagen FAST DNA stool mini kint following the manufacturers protocol. Isolated DNA was quantified by Qubit. Pooled libraries were sequenced on Illumina NovaSeq 6000 ensuring 70 million reads, each 150 base pair long."	fastq							USA	34.1374596;-118.1268521	B2_C1_ASO	78	ASO	1	2	5/3/24	collection
CALTEC-001-194	CALTEC-001-194	Fecal metagenome of lab mouse	Mus Musculus	QIAamp Fast DNA Stool Mini Kit	WGS	METAGENOMIC	RANDOM	paired	ILLUMINA	Illumina NovaSeq 6000	"DNA was isolated from one mouse stool sample pellet using the Qiagen FAST DNA stool mini kint following the manufacturers protocol. Isolated DNA was quantified by Qubit. Pooled libraries were sequenced on Illumina NovaSeq 6000 ensuring 70 million reads, each 150 base pair long."	fastq							USA	34.1374596;-118.1268522	B2_C2_WT	78	WT	2	2	5/3/24	collection
CALTEC-001-195	CALTEC-001-195	Fecal metagenome of lab mouse	Mus Musculus	QIAamp Fast DNA Stool Mini Kit	WGS	METAGENOMIC	RANDOM	paired	ILLUMINA	Illumina NovaSeq 6000	"DNA was isolated from one mouse stool sample pellet using the Qiagen FAST DNA stool mini kint following the manufacturers protocol. Isolated DNA was quantified by Qubit. Pooled libraries were sequenced on Illumina NovaSeq 6000 ensuring 70 million reads, each 150 base pair long."	fastq							USA	34.1374596;-118.1268523	B2_C2_ASO	78	ASO	2	2	5/3/24	collection
CALTEC-001-196	CALTEC-001-196	Fecal metagenome of lab mouse	Mus Musculus	QIAamp Fast DNA Stool Mini Kit	WGS	METAGENOMIC	RANDOM	paired	ILLUMINA	Illumina NovaSeq 6000	"DNA was isolated from one mouse stool sample pellet using the Qiagen FAST DNA stool mini kint following the manufacturers protocol. Isolated DNA was quantified by Qubit. Pooled libraries were sequenced on Illumina NovaSeq 6000 ensuring 70 million reads, each 150 base pair long."	fastq							USA	34.1374596;-118.1268524	B3_C4_ASO	78	ASO	4	3	5/3/24	collection
CALTEC-001-197	CALTEC-001-197	Fecal metagenome of lab mouse	Mus Musculus	QIAamp Fast DNA Stool Mini Kit	WGS	METAGENOMIC	RANDOM	paired	ILLUMINA	Illumina NovaSeq 6000	"DNA was isolated from one mouse stool sample pellet using the Qiagen FAST DNA stool mini kint following the manufacturers protocol. Isolated DNA was quantified by Qubit. Pooled libraries were sequenced on Illumina NovaSeq 6000 ensuring 70 million reads, each 150 base pair long."	fastq							USA	34.1374596;-118.1268525	B3_C3_ASO	78	ASO	3	3	5/3/24	collection
CALTEC-001-198	CALTEC-001-198	Fecal metagenome of lab mouse	Mus Musculus	QIAamp Fast DNA Stool Mini Kit	WGS	METAGENOMIC	RANDOM	paired	ILLUMINA	Illumina NovaSeq 6000	"DNA was isolated from one mouse stool sample pellet using the Qiagen FAST DNA stool mini kint following the manufacturers protocol. Isolated DNA was quantified by Qubit. Pooled libraries were sequenced on Illumina NovaSeq 6000 ensuring 70 million reads, each 150 base pair long."	fastq							USA	34.1374596;-118.1268526	B4_C3_ASO	78	ASO	3	4	5/3/24	collection
CALTEC-001-199	CALTEC-001-199	Fecal metagenome of lab mouse	Mus Musculus	QIAamp Fast DNA Stool Mini Kit	WGS	METAGENOMIC	RANDOM	paired	ILLUMINA	Illumina NovaSeq 6000	"DNA was isolated from one mouse stool sample pellet using the Qiagen FAST DNA stool mini kint following the manufacturers protocol. Isolated DNA was quantified by Qubit. Pooled libraries were sequenced on Illumina NovaSeq 6000 ensuring 70 million reads, each 150 base pair long."	fastq							USA	34.1374596;-118.1268527	B4_C4_ASO	78	ASO	4	4	5/3/24	collection
CALTEC-001-200	CALTEC-001-200	Fecal metagenome of lab mouse	Mus Musculus	QIAamp Fast DNA Stool Mini Kit	WGS	METAGENOMIC	RANDOM	paired	ILLUMINA	Illumina NovaSeq 6000	"DNA was isolated from one mouse stool sample pellet using the Qiagen FAST DNA stool mini kint following the manufacturers protocol. Isolated DNA was quantified by Qubit. Pooled libraries were sequenced on Illumina NovaSeq 6000 ensuring 70 million reads, each 150 base pair long."	fastq							USA	34.1374596;-118.1268528	B4_C4_WT	78	WT	4	4	5/3/24	collection